overseer,target,held_out,n_pool_datasets,pos_rate_overseer,pos_rate_target,row2_fit_n,both_true_test_n,row2_test_n,base_rate,direction_auroc,shuffled_auroc,shuffled_sd,margin,router_coverage,n_false,prec_05,recall_05,caught_05,prec_10,recall_10,caught_10,prec_20,recall_20,caught_20
gemma4-12b,gemma4-12b-base,boolq,4,0.6072026800670016,0.3285873813512004,94,426,79,0.1854460093896713,0.4871046583737642,0.5032648743296976,0.0284109338118574,-0.0161602159559333,0.6612772837510105,1237,0.0952380952380952,0.0253164556962025,0.6628940986257074,0.1627906976744186,0.0886075949367088,0.6669361358124495,0.188235294117647,0.2025316455696202,0.6742118027485853
gemma4-12b,gemma4-12b-base,geometry_of_truth,4,0.7917485265225933,0.8040275049115914,1401,3023,1014,0.3354283824015878,0.9104989087567484,0.4116261095288165,0.1135337454587536,0.4988727992279317,0.5860834990059642,2515,0.9735099337748344,0.1449704142011834,0.6445328031809145,0.9801324503311258,0.291913214990138,0.7037773359840954,0.9206611570247932,0.5493096646942801,0.8075546719681909
gemma4-12b,gemma4-12b-base,imdb,4,0.5009794319294809,0.5584394384590271,766,1728,706,0.4085648148148148,0.4971075433937788,0.4946800696296214,0.0542413031767206,0.0024274737641573,0.3588,2500,0.4534883720930232,0.0552407932011331,0.3744,0.4104046242774566,0.1005665722379603,0.3872,0.4132947976878612,0.2025495750708215,0.416
gemma4-12b,gemma4-12b-base,rte,4,0.5954241071428571,0.7073660714285714,1571,129,50,0.3875968992248062,0.6311392405063292,0.4757594936708861,0.0456863396207689,0.1553797468354431,0.3587786259541984,131,0.6666666666666666,0.08,0.3893129770992366,0.5384615384615384,0.14,0.4122137404580153,0.4615384615384615,0.24,0.4503816793893129
gemma4-12b,gemma4-12b-base,truthfulqa,4,0.6350356002946231,0.7275963663147557,1551,787,363,0.4612452350698856,0.5362219969852903,0.5136376630802016,0.0284086891485282,0.0225843339050886,0.430844553243574,817,0.5641025641025641,0.0606060606060606,0.4577723378212974,0.5443037974683544,0.1184573002754821,0.4834761321909425,0.5222929936305732,0.2258953168044077,0.5312117503059975
gemma4-12b,qwen3-32b,boolq,4,0.6072026800670016,0.7290619765494137,1043,1498,338,0.2256341789052069,0.5329320546827179,0.5030931187512753,0.0187095477639532,0.0298389359314426,0.4890864995957963,1237,0.2533333333333333,0.0562130177514792,0.5044462409054163,0.1933333333333333,0.0857988165680473,0.5125303152789006,0.2433333333333333,0.2159763313609467,0.5481002425222312
gemma4-12b,qwen3-32b,geometry_of_truth,4,0.7917485265225933,0.6421087098886706,549,2720,711,0.2613970588235294,0.9280173116895212,0.3806233412372873,0.1065006013927212,0.5473939704522337,0.5037773359840955,2515,0.9558823529411764,0.1828410689170183,0.5554671968190855,0.9117647058823528,0.3488045007032349,0.6023856858846919,0.8290441176470589,0.6343178621659634,0.6831013916500994
gemma4-12b,qwen3-32b,imdb,4,0.5009794319294809,0.717760365654587,695,1953,724,0.3707117255504352,0.7084646368381067,0.4623382775377727,0.0398471772237084,0.246126359300334,0.3752,2500,0.7857142857142857,0.106353591160221,0.406,0.7076923076923077,0.1906077348066298,0.4304,0.629156010230179,0.3397790055248619,0.4736
gemma4-12b,qwen3-32b,rte,4,0.5954241071428571,0.7856026785714286,1505,142,57,0.4014084507042254,0.8288957688338493,0.4876676986584106,0.0254453987727734,0.3412280701754386,0.3206106870229007,131,1.0,0.1228070175438596,0.3740458015267175,1.0,0.2456140350877192,0.4274809160305343,0.9642857142857144,0.4736842105263157,0.5267175572519084
gemma4-12b,qwen3-32b,truthfulqa,4,0.6350356002946231,0.8048121777559538,1473,860,350,0.4069767441860465,0.6460448179271708,0.5003417366946779,0.0358039272664154,0.1457030812324929,0.4357405140758874,817,0.7674418604651163,0.0942857142857142,0.4761321909424724,0.6744186046511628,0.1657142857142857,0.5067319461444308,0.6686046511627907,0.3285714285714285,0.576499388004896
gemma4-12b-base,gemma4-12b,boolq,4,0.3285873813512004,0.6072026800670016,94,426,79,0.1854460093896713,0.5059643234961515,0.507934191806807,0.0228845889663034,-0.0019698683106554,0.6612772837510105,1237,0.0952380952380952,0.0253164556962025,0.6628940986257074,0.1627906976744186,0.0886075949367088,0.6669361358124495,0.1764705882352941,0.189873417721519,0.6734033953112368
gemma4-12b-base,gemma4-12b,geometry_of_truth,4,0.8040275049115914,0.7917485265225933,1401,3023,1014,0.3354283824015878,0.9249614407748956,0.4366289812215836,0.1238025636850441,0.4883324595533119,0.5860834990059642,2515,0.9933774834437086,0.1479289940828402,0.6457256461232604,0.9867549668874172,0.2938856015779093,0.7045725646123261,0.947107438016529,0.5650887573964497,0.8139165009940358
gemma4-12b-base,gemma4-12b,imdb,4,0.5584394384590271,0.5009794319294809,766,1728,706,0.4085648148148148,0.4362911139076298,0.4916874788644162,0.0740423078188619,-0.0553963649567863,0.3588,2500,0.2325581395348837,0.0283286118980169,0.3668,0.2832369942196532,0.0694050991501416,0.3784,0.3236994219653179,0.1586402266288951,0.4036
gemma4-12b-base,gemma4-12b,rte,4,0.7073660714285714,0.5954241071428571,1571,129,50,0.3875968992248062,0.609367088607595,0.5008860759493671,0.0279775472501825,0.1084810126582279,0.3587786259541984,131,0.5,0.06,0.3816793893129771,0.6923076923076923,0.18,0.4274809160305343,0.5,0.26,0.4580152671755725
gemma4-12b-base,gemma4-12b,truthfulqa,4,0.7275963663147557,0.6350356002946231,1551,787,363,0.4612452350698856,0.5286462394095327,0.4968049924632257,0.0348780588542772,0.0318412469463069,0.430844553243574,817,0.5128205128205128,0.0550964187327823,0.4553243574051407,0.5189873417721519,0.1129476584022038,0.4810281517747858,0.4840764331210191,0.209366391184573,0.5238678090575275
gemma4-12b-base,qwen3-32b,boolq,4,0.3285873813512004,0.7290619765494137,146,881,118,0.133938706015891,0.5934535842015239,0.5183041961925494,0.0173458724976637,0.0751493880089745,0.4421988682295877,1237,0.1136363636363636,0.0423728813559322,0.4462409054163298,0.1818181818181818,0.135593220338983,0.4551333872271625,0.1818181818181818,0.2711864406779661,0.4680679062247372
gemma4-12b-base,qwen3-32b,geometry_of_truth,4,0.8040275049115914,0.6421087098886706,532,2853,341,0.1195233087977567,0.9405948222724472,0.1192376300502456,0.0188520474298606,0.8213571922222014,0.6222664015904572,2515,0.951048951048951,0.3988269794721407,0.6763419483101392,0.7894736842105263,0.6598240469208211,0.7117296222664016,0.5061295971978984,0.8475073313782991,0.7371769383697813
gemma4-12b-base,qwen3-32b,imdb,4,0.5584394384590271,0.717760365654587,743,2493,745,0.2988367428800642,0.5895612243330824,0.5176166817686176,0.064707910808923,0.0719445425644648,0.266,2500,0.408,0.0684563758389261,0.2864,0.4216867469879518,0.1409395973154362,0.308,0.3947895791583166,0.2644295302013423,0.3448
gemma4-12b-base,qwen3-32b,rte,4,0.7073660714285714,0.7856026785714286,1565,182,55,0.3021978021978022,0.7624910522548317,0.5595204008589836,0.0608218724407213,0.2029706513958481,0.2519083969465648,131,0.8888888888888888,0.1454545454545454,0.3129770992366412,0.7777777777777778,0.2545454545454545,0.3587786259541984,0.6666666666666666,0.4363636363636363,0.4351145038167939
gemma4-12b-base,qwen3-32b,truthfulqa,4,0.7275963663147557,0.8048121777559538,1484,1031,431,0.4180407371483996,0.6624245939675174,0.5222486465583913,0.0488016996211028,0.1401759474091261,0.3035495716034271,817,0.7115384615384616,0.0858468677494199,0.3488372093023256,0.6601941747572816,0.1577726218097447,0.386780905752754,0.6553398058252428,0.3132250580046403,0.4687882496940024
gemma4-31b,qwen3-32b,boolq,3,0.3674351585014409,0.590297790585975,276,781,88,0.1126760563380281,0.5760363373999737,0.5093139184048274,0.0264764663999302,0.0667224189951463,0.4074373484236055,1237,0.1282051282051282,0.0568181818181818,0.4114793856103476,0.1538461538461538,0.1363636363636363,0.4171382376717866,0.1602564102564102,0.2840909090909091,0.427647534357316
gemma4-31b,qwen3-32b,geometry_of_truth,3,0.6576576576576577,0.7200772200772201,487,2576,955,0.3707298136645963,0.9005784678192958,0.561603431402631,0.1060865175311399,0.3389750364166648,0.3518886679920477,2515,1.0,0.1350785340314136,0.4031809145129225,1.0,0.2701570680628272,0.4544731610337972,0.9398058252427184,0.506806282722513,0.5443339960238569
gemma4-31b,qwen3-32b,rte,3,0.4444630872483222,0.7145973154362416,636,106,42,0.3962264150943396,0.6302083333333334,0.4872581845238095,0.0090913021118287,0.1429501488095238,0.2748091603053435,131,1.0,0.119047619047619,0.3129770992366412,0.8181818181818182,0.2142857142857142,0.3435114503816794,0.7142857142857143,0.3571428571428571,0.3893129770992366
gemma4-31b,qwen3-32b,truthfulqa,3,0.4325689856198989,0.7110376991838321,544,597,235,0.3936348408710218,0.6073704008463618,0.4203038674033149,0.0452130457926553,0.1870665334430469,0.379436964504284,817,0.7,0.0893617021276595,0.405140758873929,0.5833333333333334,0.1489361702127659,0.4222766217870257,0.5294117647058824,0.2680851063829787,0.4565483476132191
llama-8b,gemma4-12b-base,boolq,4,0.7490228922389727,0.3285873813512004,219,948,162,0.170886075949367,0.5053325165708542,0.4901517293374799,0.0481620563057478,0.0151807872333742,0.4502829426030719,1237,0.2553191489361702,0.074074074074074,0.459983831851253,0.1789473684210526,0.1049382716049382,0.4640258690379951,0.1789473684210526,0.2098765432098765,0.4777687954729183
llama-8b,gemma4-12b-base,geometry_of_truth,4,0.5792403405370007,0.8040275049115914,378,2908,396,0.1361760660247593,0.9645519687319052,0.5634866780865985,0.2526642330322403,0.4010652906453066,0.4528827037773359,2515,0.8620689655172413,0.3156565656565656,0.5025844930417495,0.7972508591065293,0.5858585858585859,0.5451292246520875,0.6323024054982818,0.9292929292929292,0.5992047713717694
llama-8b,gemma4-12b-base,imdb,4,0.6913157035586027,0.5584394384590271,818,2400,658,0.2741666666666666,0.5511037866547552,0.5349770902327269,0.0920896123170987,0.0161266964220283,0.2832,2500,0.3333333333333333,0.060790273556231,0.2992,0.3458333333333333,0.1261398176291793,0.3164,0.3270833333333333,0.2386018237082066,0.346
gemma4-12b,gemma4-31b,boolq,3,0.4939961575408261,0.3674351585014409,250,835,264,0.3161676646706587,0.4830042986785544,0.4898918033221886,0.0118851318464885,-0.0068875046436342,0.3556992724333064,1237,0.3809523809523809,0.0606060606060606,0.3686337914308811,0.369047619047619,0.1174242424242424,0.3807599029911075,0.2874251497005988,0.1818181818181818,0.3945028294260307
gemma4-12b,gemma4-31b,geometry_of_truth,3,0.6644144144144144,0.6576576576576577,504,2779,1447,0.5206908960057575,0.5798960674565374,0.4973285310189249,0.0407097495997145,0.0825675364376125,0.1872763419483101,2515,0.6330935251798561,0.0608154803040774,0.2222664015904572,0.658273381294964,0.1264685556323427,0.2600397614314115,0.6258992805755396,0.2404975812024879,0.3256461232604374
gemma4-12b,gemma4-31b,rte,3,0.4926174496644295,0.4444630872483222,685,105,53,0.5047619047619047,0.6302612481857764,0.5107039187227866,0.0347285221350333,0.1195573294629898,0.1450381679389313,131,0.8,0.0754716981132075,0.1755725190839694,0.8,0.1509433962264151,0.2061068702290076,0.6666666666666666,0.2641509433962264,0.2519083969465648
gemma4-12b,gemma4-31b,truthfulqa,3,0.4656043528954527,0.4325689856198989,566,507,242,0.4773175542406311,0.4552627475440512,0.4844144706065804,0.0289212283618948,-0.0291517230625291,0.2741738066095471,817,0.4,0.0413223140495867,0.2864137086903305,0.4509803921568627,0.0950413223140495,0.3023255813953488,0.4257425742574257,0.1776859504132231,0.3268053855569155
gemma4-12b,qwen38-27b,boolq,3,0.4939961575408261,0.5835734870317003,179,852,102,0.1197183098591549,0.5585490196078431,0.4743856209150326,0.0324495704924452,0.0841633986928104,0.5626515763945028,1237,0.1627906976744186,0.0686274509803921,0.5683104284559418,0.1176470588235294,0.0980392156862745,0.570735650767987,0.1352941176470588,0.2254901960784313,0.5812449474535166
gemma4-12b,qwen38-27b,geometry_of_truth,3,0.6644144144144144,0.6753539253539254,503,2304,642,0.2786458333333333,0.9355803727071312,0.5324492691686254,0.1921971482707659,0.4031311035385058,0.5101391650099404,2515,0.982608695652174,0.17601246105919,0.5550695825049702,0.9608695652173912,0.3442367601246106,0.5980119284294234,0.9088937093275488,0.6526479750778816,0.6767395626242545
gemma4-12b,qwen38-27b,rte,3,0.4926174496644295,0.6956375838926174,650,108,41,0.3796296296296296,0.762650163815071,0.5533309064433928,0.0742931621112434,0.2093192573716782,0.2824427480916031,131,0.4,0.048780487804878,0.2977099236641221,0.6363636363636364,0.1707317073170731,0.3358778625954198,0.6363636363636364,0.3414634146341463,0.3893129770992366
gemma4-12b,qwen38-27b,truthfulqa,3,0.4656043528954527,0.7098717450446949,553,643,282,0.4385692068429238,0.6429343234906977,0.4833942358696292,0.0340759432155635,0.1595400876210684,0.3659730722154223,817,0.625,0.0709219858156028,0.390452876376989,0.625,0.1418439716312056,0.4149326805385557,0.5813953488372093,0.2659574468085106,0.4577723378212974
gemma4-12b-base,gemma4-31b,boolq,3,0.4877521613832853,0.3674351585014409,181,292,31,0.1061643835616438,0.6007910023482882,0.4600173031763688,0.0450624726565444,0.1407736991719194,0.6095392077607114,1237,0.2666666666666666,0.1290322580645161,0.6127728375101051,0.2068965517241379,0.1935483870967742,0.6143896523848019,0.1896551724137931,0.3548387096774194,0.618431689571544
gemma4-12b-base,gemma4-31b,geometry_of_truth,3,0.6518661518661518,0.6576576576576577,496,2038,668,0.3277723258096173,0.8278202718650292,0.4443162944184624,0.188792825337007,0.3835039774465668,0.6282306163021869,2515,0.9901960784313726,0.1511976047904191,0.668389662027833,0.9950980392156864,0.3038922155688622,0.7089463220675944,0.9705882352941176,0.592814371257485,0.7856858846918489
gemma4-12b-base,gemma4-31b,rte,3,0.5672818791946309,0.4444630872483222,687,101,38,0.3762376237623762,0.6604010025062657,0.4721177944862156,0.0529252912109519,0.18828320802005,0.2519083969465648,131,1.0,0.131578947368421,0.2900763358778626,0.8,0.2105263157894736,0.3129770992366412,0.7,0.3684210526315789,0.3587786259541984
gemma4-12b-base,gemma4-31b,truthfulqa,3,0.5239020598523125,0.4325689856198989,565,445,193,0.4337078651685393,0.488383090714697,0.4610884941195821,0.0434899919344408,0.0272945965951148,0.4332925336597307,817,0.4090909090909091,0.0466321243523316,0.4443084455324357,0.4545454545454545,0.1036269430051813,0.4577723378212974,0.3932584269662921,0.1813471502590673,0.4761321909424724
gemma4-12b-base,qwen38-27b,boolq,3,0.4877521613832853,0.5835734870317003,133,1245,197,0.1582329317269076,0.550809857790522,0.5378385709303677,0.0186954772591888,0.0129712868601543,0.2861762328213419,1237,0.2096774193548387,0.065989847715736,0.2966855295068714,0.2096774193548387,0.1319796954314721,0.3071948261924009,0.1726907630522088,0.2182741116751269,0.3209377526273241
gemma4-12b-base,qwen38-27b,geometry_of_truth,3,0.6518661518661518,0.6753539253539254,500,2731,682,0.2497253753203954,0.9370954145431074,0.5864240334674378,0.0980427133089038,0.3506713810756696,0.2998011928429423,2515,1.0,0.2008797653958944,0.3542743538767395,0.9963369963369964,0.3988269794721407,0.4079522862823062,0.9432234432234432,0.7551319648093842,0.504572564612326
gemma4-12b-base,qwen38-27b,rte,3,0.5672818791946309,0.6956375838926174,690,145,39,0.2689655172413793,0.6458635703918723,0.5572689888727624,0.1183978042051228,0.0885945815191098,0.1908396946564885,131,0.7142857142857143,0.1282051282051282,0.2290076335877862,0.7142857142857143,0.2564102564102564,0.2671755725190839,0.5172413793103449,0.3846153846153846,0.3053435114503817
gemma4-12b-base,qwen38-27b,truthfulqa,3,0.5239020598523125,0.7098717450446949,568,744,303,0.407258064516129,0.6318747521010604,0.4521938588416665,0.0666140668433065,0.1796808932593938,0.3537331701346389,817,0.8108108108108109,0.099009900990099,0.390452876376989,0.7702702702702703,0.1881188118811881,0.423500611995104,0.6241610738255033,0.3069306930693069,0.4675642594859241
llama-8b,gemma4-12b,boolq,4,0.7490228922389727,0.6072026800670016,1144,1481,378,0.2552329507089804,0.5502837379537289,0.4928513865503893,0.0093137345952263,0.0574323514033395,0.5036378334680679,1237,0.2027027027027027,0.0396825396825396,0.5157639450282943,0.2635135135135135,0.1031746031746031,0.5351657235246564,0.3074324324324324,0.2407407407407407,0.5772029102667745
llama-8b,gemma4-12b,geometry_of_truth,4,0.5792403405370007,0.7917485265225933,374,2385,378,0.1584905660377358,0.927056888192912,0.601045151493582,0.1132147313630508,0.3260117366993301,0.6429423459244533,2515,0.7647058823529411,0.2407407407407407,0.6791252485089463,0.7310924369747899,0.4603174603174603,0.7121272365805169,0.610062893081761,0.7698412698412699,0.7586481113320079
llama-8b,gemma4-12b,imdb,4,0.6913157035586027,0.5009794319294809,760,1830,605,0.3306010928961748,0.6073563838758644,0.4995277449822904,0.0224865410664227,0.1078286388935739,0.418,2500,0.4891304347826087,0.0743801652892562,0.436,0.4426229508196721,0.1338842975206611,0.4504,0.4508196721311475,0.2727272727272727,0.484
llama-8b,gemma4-12b,rte,4,0.7657366071428572,0.5954241071428571,1571,132,50,0.3787878787878788,0.6741463414634146,0.5151219512195122,0.0544601978231473,0.1590243902439023,0.4198473282442748,131,0.7142857142857143,0.1,0.4580152671755725,0.6923076923076923,0.18,0.4885496183206106,0.6538461538461539,0.34,0.549618320610687
llama-8b,gemma4-12b,truthfulqa,4,0.7809968082494476,0.6350356002946231,1554,841,373,0.4435196195005945,0.4755963428885681,0.4778147269769254,0.0733540412735129,-0.0022183840883572,0.4247246022031823,817,0.3333333333333333,0.0375335120643431,0.4418604651162791,0.3333333333333333,0.0750670241286863,0.4589963280293758,0.3869047619047619,0.1742627345844504,0.5042839657282742
llama-8b,gemma4-31b,boolq,3,0.6176753121998079,0.3674351585014409,363,733,103,0.1405184174624829,0.5352904916011713,0.4900947757743873,0.0427429751639959,0.0451957158267838,0.4801940177849636,1237,0.1891891891891892,0.0679611650485436,0.4858528698464026,0.136986301369863,0.0970873786407767,0.4882780921584478,0.1564625850340136,0.2233009708737864,0.4987873888439774
llama-8b,gemma4-31b,geometry_of_truth,3,0.6772844272844273,0.6576576576576577,492,2449,828,0.338097182523479,0.9404479849320662,0.2517983695279647,0.0524084975456689,0.6886496154041014,0.3685884691848906,2515,0.8442622950819673,0.1243961352657004,0.4095427435387674,0.8938775510204081,0.2644927536231884,0.4556660039761431,0.9142857142857144,0.5410628019323671,0.5467196819085487
llama-8b,gemma4-31b,rte,3,0.6897651006711409,0.4444630872483222,674,97,33,0.3402061855670103,0.6846590909090908,0.4423532196969697,0.0618975054594122,0.2423058712121211,0.4045801526717557,131,0.8,0.1212121212121212,0.4351145038167939,0.7,0.2121212121212121,0.4580152671755725,0.631578947368421,0.3636363636363636,0.4961832061068702
llama-8b,gemma4-31b,truthfulqa,3,0.6787796346677031,0.4325689856198989,565,556,236,0.4244604316546763,0.5009401483050848,0.4620497881355931,0.078126441966368,0.0388903601694916,0.4296205630354957,817,0.3214285714285714,0.0381355932203389,0.4406364749082007,0.2857142857142857,0.0677966101694915,0.449204406364749,0.3513513513513513,0.1652542372881356,0.4773561811505508
llama-8b,qwen3-8b,boolq,4,0.7490228922389727,0.3330541596873255,100,1016,94,0.09251968503937,0.5777103429178012,0.4623217335117921,0.0314557086600837,0.115388609406009,0.4616006467259498,1237,0.1372549019607843,0.0744680851063829,0.4672594987873888,0.1372549019607843,0.1489361702127659,0.4729183508488278,0.1477832512315271,0.3191489361702128,0.4858528698464026
llama-8b,qwen3-8b,geometry_of_truth,4,0.5792403405370007,0.6365422396856582,384,2689,198,0.0736333209371513,0.8583385034609443,0.2823406688320378,0.1555356266877238,0.5759978346289065,0.2846918489065606,2515,0.6343283582089553,0.4292929292929293,0.3184890656063618,0.4126394052044609,0.5606060606060606,0.3288270377733598,0.2453531598513011,0.6666666666666666,0.3371769383697813
llama-8b,qwen3-8b,imdb,4,0.6913157035586027,0.6849493960169768,685,3217,762,0.2368666459434255,0.7164055358660616,0.5375777111364135,0.0709731521576668,0.1788278247296481,0.1648,2500,0.5527950310559007,0.1167979002624672,0.2004,0.484472049689441,0.2047244094488189,0.2272,0.432348367029549,0.3648293963254593,0.276
llama-8b,qwen3-8b,rte,4,0.7657366071428572,0.6415178571428571,840,165,38,0.2303030303030303,0.6641110650642353,0.5457936179030253,0.0594281917275563,0.11831744716121,0.3206106870229007,131,0.375,0.0789473684210526,0.3435114503816794,0.375,0.1578947368421052,0.366412213740458,0.303030303030303,0.2631578947368421,0.3969465648854962
llama-8b,qwen3-8b,truthfulqa,4,0.7809968082494476,0.663147557083231,788,973,368,0.3782117163412127,0.5511049227452389,0.5534865702479339,0.0573142516345407,-0.0023816475026949,0.2900856793145654,817,0.4693877551020408,0.0625,0.3182374541003672,0.4536082474226804,0.1195652173913043,0.3439412484700122,0.4256410256410256,0.2255434782608695,0.3916768665850673
llama-8b,gemma4-12b-base,truthfulqa,4,0.5615025779523692,0.5709550699729928,255,669,314,0.4693572496263079,0.5603749887862205,0.5466627792231094,0.026043082745156574,0.013712209563111144,0.3268053855569155,817,0.5454545454545454,0.05732484076433121,0.3488372093023256,0.582089552238806,0.12420382165605096,0.37454100367197063,0.5522388059701493,0.2356687898089172,0.4173806609547124
llama-8b,qwen3-32b,truthfulqa,4,0.5615025779523692,0.5406334397250184,196,618,239,0.38673139158576053,0.6581181483975669,0.49603669643744275,0.061130850678593224,0.16208145196012413,0.3219094247246022,817,0.6774193548387096,0.08786610878661087,0.34761321909424725,0.6451612903225806,0.16736401673640167,0.3708690330477356,0.5887096774193549,0.3054393305439331,0.4112607099143207
llama-8b,qwen3-8b-base,truthfulqa,4,0.5615025779523692,0.5572059906702677,234,686,323,0.4708454810495627,0.5902139890318894,0.5370131088538068,0.036223060605016864,0.053200880178082555,0.29253365973072215,817,0.5588235294117647,0.058823529411764705,0.3157894736842105,0.5797101449275363,0.1238390092879257,0.34149326805385555,0.5620437956204379,0.23839009287925697,0.386780905752754
llama-8b,qwen38-27b,truthfulqa,3,0.5806451612903226,0.5540225417800233,107,651,251,0.38556067588325654,0.5874402390438247,0.4815164342629482,0.028053338632781324,0.10592380478087648,0.3733170134638923,817,0.696969696969697,0.09163346613545817,0.401468788249694,0.6153846153846154,0.1593625498007968,0.4222766217870257,0.5230769230769231,0.27091633466135456,0.4565483476132191
olmo3-7b,gemma4-12b,truthfulqa,4,0.570464031426467,0.650748833783452,349,656,361,0.5503048780487805,0.5360063852763041,0.5277008310249308,0.022437512010301496,0.008305554251373248,0.4259485924112607,817,0.5757575757575758,0.05263157894736842,0.44920440636474906,0.5606060606060606,0.10249307479224377,0.47123623011015914,0.5648854961832062,0.20498614958448755,0.5165238678090576
olmo3-7b,gemma4-12b-base,truthfulqa,4,0.570464031426467,0.5709550699729928,241,655,323,0.49312977099236643,0.5296821962773695,0.5104256033421612,0.023036521403136098,0.019256592935208205,0.3684210526315789,817,0.45454545454545453,0.04643962848297214,0.386780905752754,0.48484848484848486,0.09907120743034056,0.40758873929008566,0.5114503816793893,0.20743034055727555,0.4504283965728274
olmo3-7b,gemma4-31b,truthfulqa,3,0.5940536338904003,0.5864749319860085,173,652,382,0.5858895705521472,0.5989625751405856,0.49221931355439213,0.027669277220869846,0.10674326158619346,0.3671970624235006,817,0.8181818181818182,0.07068062827225131,0.40024479804161567,0.7538461538461538,0.12827225130890052,0.42717258261933905,0.7230769230769231,0.24607329842931938,0.48225214198286415
olmo3-7b,llama-8b,truthfulqa,4,0.570464031426467,0.5615025779523692,247,711,369,0.5189873417721519,0.5354046815321954,0.501860172110493,0.008058562944543225,0.033544509421702395,0.3108935128518972,817,0.5,0.04878048780487805,0.3329253365973072,0.5352112676056338,0.10298102981029811,0.3574051407588739,0.5774647887323944,0.2222222222222222,0.4112607099143207
olmo3-7b,qwen3-32b,truthfulqa,4,0.570464031426467,0.5406334397250184,188,562,225,0.400355871886121,0.6383646554566436,0.5287207385426971,0.06187165160044815,0.10964391691394648,0.41982864137086906,817,0.6071428571428571,0.07555555555555556,0.44063647490820074,0.5714285714285714,0.14222222222222222,0.4589963280293758,0.5267857142857143,0.26222222222222225,0.4920440636474908
olmo3-7b,qwen3-8b,truthfulqa,4,0.570464031426467,0.54824453719617,225,559,242,0.4329159212880143,0.5777433063065411,0.5028515003780275,0.02284130716994882,0.07489180592851363,0.40024479804161567,817,0.42857142857142855,0.049586776859504134,0.4149326805385557,0.5178571428571429,0.11983471074380166,0.4357405140758874,0.49107142857142855,0.22727272727272727,0.4675642594859241
olmo3-7b,qwen3-8b-base,truthfulqa,4,0.570464031426467,0.5572059906702677,228,665,326,0.49022556390977445,0.5805327831767921,0.4902139095499213,0.04951821040425488,0.09031887362687085,0.3488372093023256,817,0.5757575757575758,0.05828220858895705,0.37209302325581395,0.5909090909090909,0.1196319018404908,0.39657282741738065,0.5413533834586466,0.22085889570552147,0.4369645042839657
olmo3-7b,qwen38-27b,truthfulqa,3,0.5940536338904003,0.5540225417800233,104,643,263,0.40902021772939345,0.5892735641384831,0.5266810086051632,0.0420194175008318,0.06259255553331988,0.40758873929008566,817,0.53125,0.06463878326996197,0.4283965728274174,0.53125,0.12927756653992395,0.44920440636474906,0.5116279069767442,0.2509505703422053,0.4883720930232558
qwen3-1.7b,gemma4-12b,truthfulqa,4,0.5574515099435305,0.650748833783452,329,629,337,0.5357710651828299,0.4537213934392911,0.5045374171781635,0.01072580968572712,-0.050816023738872396,0.4320685434516524,817,0.3548387096774194,0.032640949554896145,0.4455324357405141,0.36507936507936506,0.06824925816023739,0.4602203182374541,0.42857142857142855,0.16023738872403562,0.4981640146878825
qwen3-1.7b,gemma4-12b-base,truthfulqa,4,0.5574515099435305,0.5709550699729928,234,628,291,0.46337579617834396,0.4760622839487289,0.5080378720670562,0.020751936357498398,-0.03197558811832729,0.39412484700122397,817,0.3548387096774194,0.037800687285223365,0.40758873929008566,0.38095238095238093,0.08247422680412371,0.423500611995104,0.40476190476190477,0.17525773195876287,0.4565483476132191
qwen3-1.7b,gemma4-31b,truthfulqa,3,0.5932763311309756,0.5864749319860085,162,600,336,0.56,0.5495017135642136,0.5081225198412699,0.039570538684834296,0.04137919372294374,0.43329253365973075,817,0.7,0.0625,0.4589963280293758,0.6666666666666666,0.11904761904761904,0.48225214198286415,0.6166666666666667,0.22023809523809523,0.5238678090575275
qwen3-1.7b,llama-8b,truthfulqa,4,0.5574515099435305,0.5615025779523692,241,671,346,0.5156482861400894,0.5178835037794576,0.4845108937305469,0.026353867470621586,0.03337261004891068,0.31456548347613217,817,0.47058823529411764,0.046242774566473986,0.33414932680538556,0.5522388059701493,0.1069364161849711,0.3598531211750306,0.5447761194029851,0.21098265895953758,0.4039167686658507
qwen3-1.7b,olmo3-7b,truthfulqa,4,0.5574515099435305,0.570464031426467,271,695,374,0.5381294964028777,0.5500358172155864,0.47612116214370204,0.018089954853458014,0.07391465507188433,0.30966952264381886,817,0.4857142857142857,0.045454545454545456,0.33047735618115054,0.5714285714285714,0.10695187165775401,0.35862913096695226,0.6115107913669064,0.22727272727272727,0.41370869033047736
qwen3-1.7b,qwen3-32b,truthfulqa,4,0.5574515099435305,0.5406334397250184,172,553,213,0.38517179023508136,0.5211819939243303,0.5374136978735156,0.02127566932516254,-0.016231703949185272,0.39657282741738065,817,0.4642857142857143,0.06103286384976526,0.412484700122399,0.4,0.10328638497652583,0.423500611995104,0.4144144144144144,0.215962441314554,0.4528763769889841
qwen3-1.7b,qwen3-8b,truthfulqa,4,0.5574515099435305,0.54824453719617,220,568,220,0.3873239436619718,0.4972048066875653,0.5054532392894462,0.030604672606941052,-0.008248432601880906,0.401468788249694,817,0.32142857142857145,0.04090909090909091,0.412484700122399,0.3508771929824561,0.09090909090909091,0.4259485924112607,0.37719298245614036,0.19545454545454546,0.4541003671970624
qwen3-1.7b,qwen3-8b-base,truthfulqa,4,0.5574515099435305,0.5572059906702677,222,652,306,0.46932515337423314,0.5442498772148552,0.503062544863803,0.038161156700310596,0.04118733235105221,0.34516523867809057,817,0.5757575757575758,0.06209150326797386,0.3684210526315789,0.5538461538461539,0.11764705882352941,0.38922888616891066,0.5230769230769231,0.2222222222222222,0.4283965728274174
qwen3-1.7b,qwen38-27b,truthfulqa,3,0.5932763311309756,0.5540225417800233,100,627,245,0.39074960127591707,0.5971364462015173,0.5339779891013997,0.03155542981303318,0.06315845710011758,0.40514075887392903,817,0.45161290322580644,0.05714285714285714,0.4222766217870257,0.3968253968253968,0.10204081632653061,0.4357405140758874,0.448,0.22857142857142856,0.47368421052631576
qwen3-8b,gemma4-12b,truthfulqa,4,0.54824453719617,0.650748833783452,245,568,202,0.35563380281690143,0.5726478385543473,0.4662629172753341,0.023335566593592805,0.10638492127901322,0.5299877600979193,817,0.5,0.06930693069306931,0.5471236230110159,0.45614035087719296,0.12871287128712872,0.5618115055079559,0.45614035087719296,0.25742574257425743,0.5936352509179926
qwen3-8b,gemma4-12b-base,truthfulqa,4,0.54824453719617,0.5709550699729928,203,612,209,0.3415032679738562,0.5343298467237346,0.473037149607608,0.034747789024566045,0.061292697116126615,0.3623011015911873,817,0.3225806451612903,0.04784688995215311,0.37454100367197063,0.29508196721311475,0.0861244019138756,0.3843329253365973,0.3524590163934426,0.20574162679425836,0.4149326805385557
qwen3-8b,gemma4-31b,truthfulqa,3,0.5660707345511077,0.5864749319860085,126,539,215,0.39888682745825604,0.6300459374102785,0.4922121734137238,0.03675860845417791,0.13783376399655467,0.5055079559363526,817,0.6666666666666666,0.08372093023255814,0.5275397796817626,0.6111111111111112,0.15348837209302327,0.5458996328029376,0.5833333333333334,0.2930232558139535,0.5826193390452876
qwen3-8b,llama-8b,truthfulqa,4,0.54824453719617,0.5615025779523692,224,613,251,0.4094616639477977,0.5916884946402237,0.5104223988025797,0.04088400524592392,0.08126609583764399,0.31456548347613217,817,0.3548387096774194,0.043824701195219126,0.32802937576499386,0.4918032786885246,0.11952191235059761,0.35128518971848227,0.4634146341463415,0.22709163346613545,0.3843329253365973
qwen3-8b,qwen3-32b,truthfulqa,4,0.54824453719617,0.5406334397250184,186,687,191,0.2780203784570597,0.6034981422057084,0.503425308224962,0.025237091387112616,0.1000728339807464,0.2178702570379437,817,0.5,0.08900523560209424,0.2386780905752754,0.43478260869565216,0.15706806282722513,0.25458996328029376,0.38686131386861317,0.2774869109947644,0.2827417380660955
qwen3-8b,qwen3-8b-base,truthfulqa,4,0.54824453719617,0.5572059906702677,221,661,252,0.3812405446293495,0.5698664959056157,0.5052586641828696,0.0393454625090736,0.06460783172274609,0.24479804161566707,817,0.36363636363636365,0.047619047619047616,0.2594859241126071,0.42424242424242425,0.1111111111111111,0.27906976744186046,0.4696969696969697,0.24603174603174602,0.32068543451652387
qwen3-8b,qwen38-27b,truthfulqa,3,0.5660707345511077,0.5540225417800233,105,647,195,0.30139103554868624,0.5740186067619697,0.486476060812344,0.027558304824286183,0.08754254594962568,0.30354957160342716,817,0.46875,0.07692307692307693,0.3219094247246022,0.4,0.13333333333333333,0.3353733170134639,0.37209302325581395,0.24615384615384617,0.3623011015911873
qwen3-8b-base,gemma4-12b,truthfulqa,4,0.5572059906702677,0.650748833783452,244,621,284,0.4573268921095008,0.5423684540477285,0.5098554979730012,0.02517002817544636,0.03251295607472726,0.4834761321909425,817,0.5483870967741935,0.05985915492957746,0.5042839657282742,0.46774193548387094,0.10211267605633803,0.5189718482252142,0.49193548387096775,0.2147887323943662,0.5581395348837209
qwen3-8b-base,gemma4-12b-base,truthfulqa,4,0.5572059906702677,0.5709550699729928,208,672,286,0.4255952380952381,0.5447842313127287,0.4908465886445161,0.019742709639608887,0.053937642668212604,0.32802937576499386,817,0.5,0.05944055944055944,0.3488372093023256,0.44776119402985076,0.1048951048951049,0.36474908200734396,0.4626865671641791,0.21678321678321677,0.4039167686658507
qwen3-8b-base,gemma4-31b,truthfulqa,3,0.5757870190439176,0.5864749319860085,126,594,305,0.5134680134680135,0.6151681887798514,0.5275001418117874,0.029985148444429083,0.08766804696806396,0.4504283965728274,817,0.7,0.06885245901639345,0.47613219094247244,0.6610169491525424,0.12786885245901639,0.4981640146878825,0.6638655462184874,0.25901639344262295,0.5471236230110159
qwen3-8b-base,llama-8b,truthfulqa,4,0.5572059906702677,0.5615025779523692,234,686,323,0.4708454810495627,0.5894549207242705,0.5215588192649832,0.06350687704451716,0.06789610145928737,0.29253365973072215,817,0.6764705882352942,0.07120743034055728,0.32068543451652387,0.6086956521739131,0.13003095975232198,0.34394124847001223,0.5985401459854015,0.25386996904024767,0.3929008567931457
qwen3-8b-base,qwen3-32b,truthfulqa,4,0.5572059906702677,0.5406334397250184,184,642,215,0.3348909657320872,0.5749142203583683,0.4887615053646316,0.05889169451212369,0.08615271499373667,0.31334149326805383,817,0.40625,0.06046511627906977,0.3292533659730722,0.421875,0.12558139534883722,0.3463892288861689,0.390625,0.23255813953488372,0.37454100367197063
qwen3-8b-base,qwen3-8b,truthfulqa,4,0.5572059906702677,0.54824453719617,221,661,252,0.3812405446293495,0.528767415686731,0.5062264718438313,0.05701259181887907,0.02254094384289973,0.24479804161566707,817,0.42424242424242425,0.05555555555555555,0.26193390452876375,0.42424242424242425,0.1111111111111111,0.27906976744186046,0.4318181818181818,0.2261904761904762,0.31456548347613217
qwen3-8b-base,qwen38-27b,truthfulqa,3,0.5757870190439176,0.5540225417800233,98,711,280,0.39381153305203936,0.5999337089824329,0.48801789857474315,0.02569592207596169,0.11191581040768978,0.2607099143206854,817,0.6111111111111112,0.07857142857142857,0.2876376988984088,0.5070422535211268,0.12857142857142856,0.3047735618115055,0.47183098591549294,0.2392857142857143,0.3427172582619339
qwen38-27b,gemma4-31b,truthfulqa,3,0.5540225417800233,0.5864749319860085,93,555,227,0.409009009009009,0.562533576877619,0.47996131943698295,0.020069020813528408,0.08257225744063601,0.5152998776009792,817,0.5714285714285714,0.07048458149779736,0.5348837209302325,0.5357142857142857,0.13215859030837004,0.5520195838433293,0.5315315315315315,0.2599118942731278,0.587515299877601
qwen38-27b,qwen3-32b,truthfulqa,3,0.5540225417800233,0.5553828216090168,95,659,174,0.26403641881638845,0.6018722597464155,0.5158253347553028,0.0776927895397952,0.08604692499111266,0.3317013463892289,817,0.42424242424242425,0.08045977011494253,0.3488372093023256,0.3484848484848485,0.13218390804597702,0.3598531211750306,0.3787878787878788,0.28735632183908044,0.3929008567931457
