model_a,model_b,dataset,kind,size_a,size_b,n_train,n_test,n_false_test,auroc_a,auroc_b,auroc_a_on_b,transfer_loss_a_to_b,auroc_b_on_a,transfer_loss_b_to_a,cka,map_r2_a_to_b,map_r2_b_to_a,acc_a,acc_b,n_wrong_a,n_wrong_b,n_both_wrong,n_both_wrong_say_true,n_both_wrong_say_false,both_wrong_rate,jaccard_errors,a_detects_b_error,b_detects_a_error,logit_dist_mean,logit_dist_rms,kl_mean,pyes_corr,transfer_loss_worst
gemma4-12b,gemma4-12b-base,boolq,same-family,12.0,12.0,1962,1308,475,0.5638819738421684,0.8315284008340178,0.5709458520250206,0.2605825488089972,0.5123219814241486,0.0515599924180197,0.1520749760745786,0.016422553646512,-0.0895708175925029,0.6376146788990825,0.7293577981651376,474,354,301,298,3,0.2301223241590214,0.571157495256167,0.5062893081761006,0.828724362282326,4.739824934675285,5.286637365583616,0.27960827008586187,0.03722908219693725,0.2605825488089972
gemma4-12b,gemma4-12b-base,geometry_of_truth,same-family,12.0,12.0,3018,2012,1000,0.7480750988142292,0.9973596837944664,0.9593656126482212,0.037994071146245,0.6033942687747036,0.1446808300395256,0.5162075077457482,0.6401566027558541,0.5652832341484857,0.6744532803180915,0.9811133200795228,655,38,22,14,8,0.0109343936381709,0.0327868852459016,0.6014104409961073,0.996664172765474,2.474401757494356,2.9118448128664896,0.6812737957093551,-0.27484981261768865,0.1446808300395256
gemma4-12b,gemma4-12b-base,imdb,same-family,12.0,12.0,3000,2000,1018,0.5940754804556677,0.9185276029433536,0.5354184755860899,0.3831091273572637,0.5152059267202573,0.0788695537354103,0.1079859075634039,-0.0242960178482247,-0.217372979100159,0.556,0.8415,888,317,180,109,71,0.09,0.1756097560975609,0.5345662976021113,0.9165117230539892,1.3121578123688697,1.6504559806381036,0.16117070620133764,-0.004024002152503712,0.3831091273572637
gemma4-12b,gemma4-12b-base,rte,same-family,12.0,12.0,166,111,62,0.4427254772876893,0.7890059249506254,0.6056616194865042,0.1833443054641211,0.4555628703094141,-0.0128373930217248,0.3249132427881983,-0.248263163514028,-0.0146009425874424,0.4054054054054054,0.6396396396396397,66,40,32,29,3,0.2882882882882883,0.4324324324324324,0.3503521126760563,0.7794612794612795,1.341282133376125,1.6642416456342652,0.2055292299925134,0.05955513637626829,0.1833443054641211
gemma4-12b,gemma4-12b-base,truthfulqa,same-family,12.0,12.0,980,654,327,0.6490942588072459,0.8785549289715606,0.5820871793433027,0.2964677496282579,0.5297720917618233,0.1193221670454226,0.1359995699395294,-0.2196882570943432,-0.1250155413861013,0.5963302752293578,0.7981651376146789,264,132,72,22,50,0.110091743119266,0.2222222222222222,0.5771798444212237,0.8741161616161616,2.008405894843572,2.468547082685715,0.4733604850232006,0.026770326392019157,0.2964677496282579
gemma4-12b,gemma4-31b,boolq,same-family,12.0,31.0,1962,1308,475,0.5638819738421684,0.8310406267770266,0.5189107221836103,0.3121299045934163,0.4788374297087256,0.0850445441334428,0.3309960789331739,0.2118892007228263,0.1240454748010714,0.6376146788990825,0.7844036697247706,474,282,189,188,1,0.1444954128440367,0.3333333333333333,0.5357997041461021,0.8302623723805767,3.7990579656552272,4.822022339676567,0.5103241241598667,0.1366022499390174,0.3121299045934163
gemma4-12b,gemma4-31b,geometry_of_truth,same-family,12.0,31.0,3018,2012,1000,0.7480750988142292,0.9628982213438736,0.5507756916996047,0.4121225296442687,0.488094861660079,0.2599802371541501,0.4638891811323676,0.7137130350294703,0.6424803131959256,0.6744532803180915,0.8941351888667992,655,213,119,67,52,0.059145129224652,0.1588785046728972,0.6283041961235636,0.9574105430141704,2.3628228170971273,2.707043259521153,0.5272396606986609,0.1613364031939396,0.4121225296442687
gemma4-12b,gemma4-31b,rte,same-family,12.0,31.0,166,111,62,0.4427254772876893,0.6277156023699803,0.4924292297564187,0.1352863726135615,0.4937458854509546,-0.0510204081632653,0.2370150988380662,-0.1529314648018378,-0.0305126263402331,0.4054054054054054,0.5585585585585585,66,49,40,35,5,0.3603603603603603,0.5333333333333333,0.3834759710335747,0.634006734006734,3.525591572376795,4.227277264332754,1.3159919028290934,0.08826264379578938,0.1352863726135615
gemma4-12b,gemma4-31b,truthfulqa,same-family,12.0,31.0,980,654,327,0.6490942588072459,0.7854838257161294,0.5873617073011063,0.1981221184150231,0.5036145479710836,0.1454797108361623,0.1798576078923201,-0.0890028866702754,-0.0228365068434788,0.5963302752293578,0.7217125382262997,264,182,89,34,55,0.1360856269113149,0.2492997198879551,0.6091683739988825,0.7778749028749029,2.354457562303062,3.179640854701283,0.6513981565977329,0.11133246361901696,0.1981221184150231
gemma4-12b,llama-8b,boolq,cross-family,12.0,8.0,1962,1308,475,0.5638819738421684,0.8544310355721236,0.4047918114614267,0.4496392241106969,0.4867125797687496,0.0771693940734188,0.1886989739599355,0.1680419050079125,-0.0099832483908381,0.6376146788990825,0.7859327217125383,474,280,195,192,3,0.1490825688073394,0.3488372093023256,0.549061978877154,0.8553132177802062,4.79732923252288,5.43221046980083,0.4050919756184761,0.016764536209857316,0.4496392241106969
gemma4-12b,llama-8b,geometry_of_truth,cross-family,12.0,8.0,3018,2012,1000,0.7480750988142292,0.9984980237154152,0.9716096837944664,0.0268883399209485,0.6206096837944663,0.1274654150197628,0.5281683423029833,0.706247874606011,0.60089987231235,0.6744532803180915,0.985089463220676,655,30,17,13,4,0.0084493041749502,0.0254491017964071,0.56895391860074,0.9983900273954108,2.9687294414959418,3.488564521611839,1.0198239929206865,-0.03298593428961872,0.1274654150197628
gemma4-12b,llama-8b,imdb,cross-family,12.0,8.0,3000,2000,1018,0.5940754804556677,0.9719108991313186,0.3117610105674239,0.6601498885638947,0.4908170247160079,0.1032584557396597,0.0918331604984502,0.0796614166857093,-0.1058547037186514,0.556,0.918,888,164,87,59,28,0.0435,0.0901554404145077,0.5539049630692385,0.9708928802903624,2.316582814890891,2.9007327016595776,0.6846197399841001,0.057703513485513766,0.6601498885638947
gemma4-12b,llama-8b,rte,cross-family,12.0,8.0,166,111,62,0.4427254772876893,0.8127057274522712,0.716919025674786,0.0957867017774851,0.4193548387096774,0.0233706385780118,0.2836857256561793,-0.1755526330809851,-0.1075165018641837,0.4054054054054054,0.7117117117117117,66,32,29,27,2,0.2612612612612612,0.4202898550724637,0.2923259493670886,0.8033670033670034,1.9296169838857995,2.46468443799343,0.4961898210553027,0.024155329321100896,0.0957867017774851
gemma4-12b,llama-8b,truthfulqa,cross-family,12.0,8.0,980,654,327,0.6490942588072459,0.9356301845149584,0.6948161864414705,0.240813998073488,0.5323064837415481,0.1167877750656978,0.1318258221151197,-0.1519009298414237,-0.1162902730960833,0.5963302752293578,0.8425076452599388,264,103,53,23,30,0.0810397553516819,0.1687898089171974,0.5764981586876464,0.9330128205128204,1.8767455918406624,2.3851299009815414,0.44237773657017393,0.014601388601329033,0.240813998073488
gemma4-12b,olmo3-7b,boolq,cross-family,12.0,7.0,1962,1308,475,0.5638819738421684,0.8341062740885827,0.5822859670183863,0.2518203070701964,0.4964124597207304,0.0674695141214379,0.1957435389876204,-0.008918432523413,-0.047822835386452,0.6376146788990825,0.7576452599388379,474,317,249,249,0,0.1903669724770642,0.4594095940959409,0.5117317688852671,0.8330500156836556,3.6154231174108395,4.2443016561742315,0.21320595656708222,-0.03634840240377373,0.2518203070701964
gemma4-12b,olmo3-7b,geometry_of_truth,cross-family,12.0,7.0,3018,2012,1000,0.7480750988142292,0.9942687747035572,0.935705533596838,0.0585632411067192,0.6320839920948617,0.1159911067193675,0.5628077881991852,0.6164540710362352,0.6233154633714415,0.6744532803180915,0.9602385685884692,655,80,49,30,19,0.0243538767395626,0.0714285714285714,0.6120665113871636,0.99329459348473,3.1012374013840085,3.658032463564679,1.0834329866356447,-0.07286225670586356,0.1159911067193675
gemma4-12b,olmo3-7b,imdb,cross-family,12.0,7.0,3000,2000,1018,0.5940754804556677,0.9686388389838309,0.633025100132443,0.3356137388513879,0.528041085311641,0.0660343951440267,0.0835709231323968,-0.015259055459148,-0.1903472674035391,0.556,0.9135,888,173,94,60,34,0.047,0.0972078593588417,0.5535844794365823,0.9681282001425884,2.6594335895180703,3.1728530302517908,0.661841003051438,0.03784801312999962,0.3356137388513879
gemma4-12b,olmo3-7b,rte,cross-family,12.0,7.0,166,111,62,0.4427254772876893,0.8581303489137591,0.836405529953917,0.021724818959842,0.4809084924292298,-0.0381830151415404,0.3137706569423605,-0.2921128251225739,0.0271318534843085,0.4054054054054054,0.7387387387387387,66,29,24,21,3,0.2162162162162162,0.3380281690140845,0.3074011774600504,0.858922558922559,3.27457972016145,3.931343537942758,1.0159553575544118,-0.09509096342057753,0.021724818959842
gemma4-12b,olmo3-7b,truthfulqa,cross-family,12.0,7.0,980,654,327,0.6490942588072459,0.8972495768220035,0.7011194343910445,0.1961301424309589,0.5767284833861721,0.0723657754210738,0.1748505846574683,-0.2392118935493041,-0.0420422597183109,0.5963302752293578,0.7981651376146789,264,132,66,29,37,0.1009174311926605,0.2,0.5934488563798909,0.8942404817404818,2.1996615411602005,2.7509499310709034,0.6049653703001573,0.12889981726520736,0.1961301424309589
gemma4-12b,qwen3-1.7b,boolq,cross-family,12.0,1.7,1962,1308,475,0.5638819738421684,0.8171352751626967,0.6136298730018322,0.2035054021608644,0.4747557970556644,0.089126176786504,0.1860842371370257,0.1297388589550493,0.0070415069240498,0.6376146788990825,0.7477064220183486,474,330,238,237,1,0.1819571865443425,0.4204946996466431,0.534851583317841,0.8171083386455392,2.8079250848753774,3.375024890638757,0.15888881717314368,-0.07141936120608919,0.2035054021608644
gemma4-12b,qwen3-1.7b,geometry_of_truth,cross-family,12.0,1.7,3018,2012,1000,0.7480750988142292,0.9934357707509882,0.8951729249011859,0.0982628458498022,0.606895256916996,0.1411798418972332,0.4931079705706929,0.6195114728968516,0.5664720998816467,0.6744532803180915,0.9587475149105368,655,83,48,29,19,0.0238568588469184,0.0695652173913043,0.6000924381819658,0.9920063903874172,6.80320316896761,6.975153792313069,3.507962252766462,0.18964738919836494,0.1411798418972332
gemma4-12b,qwen3-1.7b,imdb,cross-family,12.0,1.7,3000,2000,1018,0.5940754804556677,0.9536549842148856,0.4153175628903764,0.5383374213245091,0.5054517663723046,0.0886237140833631,0.1079108470188067,0.0965635830531925,-0.053092560341764,0.556,0.8855,888,229,130,73,57,0.065,0.1317122593718338,0.5358751747587897,0.9526551056452136,4.02279374757111,4.465823453345754,1.1103667159140262,0.029682667109319143,0.5383374213245091
gemma4-12b,qwen3-1.7b,rte,cross-family,12.0,1.7,166,111,62,0.4427254772876893,0.8772218564845293,0.6780776826859777,0.1991441737985516,0.456221198156682,-0.0134957208689927,0.2108185637642098,-0.2145593735710573,-0.0464523525333835,0.4054054054054054,0.6936936936936937,66,34,29,27,2,0.2612612612612612,0.4084507042253521,0.320855614973262,0.8494949494949494,2.338743787595081,2.80797742693893,0.6369978417417063,0.04927236540912806,0.1991441737985516
gemma4-12b,qwen3-1.7b,truthfulqa,cross-family,12.0,1.7,980,654,327,0.6490942588072459,0.8749731130002151,0.5582489315340085,0.3167241814662066,0.5592589475259284,0.0898353112813175,0.1018623295838109,-0.1891477658282168,-0.1605867051429717,0.5963302752293578,0.8012232415902141,264,130,74,34,40,0.1131498470948012,0.23125,0.5828978273634763,0.873057498057498,5.39348399279824,5.707735352385595,2.437452963852962,0.07447393441402987,0.3167241814662066
gemma4-12b,qwen3-32b,boolq,cross-family,12.0,32.0,1962,1308,475,0.5638819738421684,0.9175105831806406,0.2052467302710557,0.7122638529095848,0.4945043280470083,0.0693776457951601,0.1337303825178153,0.1204235640532396,-0.0127437977761577,0.6376146788990825,0.8707951070336392,474,169,116,114,2,0.0886850152905198,0.2201138519924098,0.5299988051389416,0.9169499843163444,5.367008612693539,6.362229634946451,1.0736204023673708,0.022275089573754566,0.7122638529095848
gemma4-12b,qwen3-32b,geometry_of_truth,cross-family,12.0,32.0,3018,2012,1000,0.7480750988142292,0.999120553359684,0.9418211462450592,0.0572994071146245,0.6381353754940712,0.109939723320158,0.4271726589610388,0.6273500229984176,0.6219535069458328,0.6744532803180915,0.9870775347912524,655,26,15,10,5,0.007455268389662,0.0225225225225225,0.5929584011155009,0.9990639432515596,4.043319841218042,4.610453797348794,1.6465756180511903,-0.18056361642032012,0.109939723320158
gemma4-12b,qwen3-32b,imdb,cross-family,12.0,32.0,3000,2000,1018,0.5940754804556677,0.9749198740391888,0.2732475322004329,0.7016723418387557,0.5091869765804121,0.0848885038752556,0.0770221734004495,0.0589157987956401,-0.1613314710528703,0.556,0.928,888,144,79,47,32,0.0395,0.0828961175236096,0.54408749401341,0.9743350589798432,2.688901561129093,3.172607459784877,0.8081584964881374,0.061551384339352685,0.7016723418387557
gemma4-12b,qwen3-32b,rte,cross-family,12.0,32.0,166,111,62,0.4427254772876893,0.9634628044766294,0.957208689927584,0.0062541145490454,0.4137590520078999,0.0289664252797893,0.2129557206833733,-0.2204334799669582,-0.0229911583398776,0.4054054054054054,0.8918918918918919,66,12,11,10,1,0.0990990990990991,0.1641791044776119,0.2129629629629629,0.9646464646464646,1.8451178807644206,2.3140338947562133,0.44170059251436067,0.0714242097183854,0.0289664252797893
gemma4-12b,qwen3-32b,truthfulqa,cross-family,12.0,32.0,980,654,327,0.6490942588072459,0.9692412722460698,0.767163257862694,0.2020780143833758,0.5511881715904946,0.0979060872167513,0.0532096314665464,-0.1811271692491824,-0.0177832433073308,0.5963302752293578,0.900611620795107,264,65,33,20,13,0.0504587155963302,0.1114864864864864,0.5900483217970485,0.9666083916083916,2.184651967361478,2.708168683812846,0.5914374397549271,0.010195006838004492,0.2020780143833758
gemma4-12b,qwen3-8b,boolq,cross-family,12.0,8.0,1962,1308,475,0.5638819738421684,0.8986440892146333,0.4690364566879383,0.429607632526695,0.504765274530865,0.0591166993113034,0.1636202498794876,0.045134879572762,-0.0665126980026591,0.6376146788990825,0.827217125382263,474,226,159,157,2,0.1215596330275229,0.2939001848428835,0.5280781247444097,0.8987746511651438,3.6899205003565996,4.59329414635144,0.4022037179158463,0.01876450068827601,0.429607632526695
gemma4-12b,qwen3-8b,geometry_of_truth,cross-family,12.0,8.0,3018,2012,1000,0.7480750988142292,0.9976422924901186,0.9609446640316206,0.036697628458498,0.5921689723320158,0.1559061264822133,0.466479091269308,0.5740812165674578,0.5948424615639921,0.6744532803180915,0.9796222664015904,655,41,21,15,6,0.0104373757455268,0.0311111111111111,0.6145945477719618,0.9976542327878628,7.994727091679853,9.276327512552465,4.546375782452283,-0.1892869551748523,0.1559061264822133
gemma4-12b,qwen3-8b,imdb,cross-family,12.0,8.0,3000,2000,1018,0.5940754804556677,0.9709705944726092,0.1740924059395244,0.7968781885330847,0.4982894457804329,0.0957860346752348,0.0880461211722503,0.0492087504931777,-0.1891310100354466,0.556,0.9185,888,163,90,47,43,0.045,0.0936524453694068,0.5568127548583813,0.9704300748590317,6.04179509043187,7.309721312053489,1.6662968687965065,0.025671830214491882,0.7968781885330847
gemma4-12b,qwen3-8b,rte,cross-family,12.0,8.0,166,111,62,0.4427254772876893,0.933838051349572,0.9186965108624094,0.0151415404871626,0.4163923633969717,0.0263331138907175,0.2000696363439395,-0.2695396446609126,0.0078218843846746,0.4054054054054054,0.8198198198198198,66,20,17,14,3,0.1531531531531531,0.2463768115942029,0.2708791208791208,0.9484848484848484,3.956326153734526,4.685305883724984,1.1323364353220648,0.029209274968961755,0.0263331138907175
gemma4-12b,qwen3-8b,truthfulqa,cross-family,12.0,8.0,980,654,327,0.6490942588072459,0.9380804084953568,0.7393971700848226,0.198683238410534,0.5666657314666741,0.0824285273405718,0.0597747127743652,-0.2369024738734202,-0.0894447460286171,0.5963302752293578,0.8547400611620795,264,95,46,20,26,0.0703363914373088,0.1469648562300319,0.5820732511062989,0.935635198135198,4.8549421229280005,5.787338514292788,2.190396346164722,0.04161463832269086,0.198683238410534
gemma4-12b,qwen3-8b-base,boolq,cross-family,12.0,8.0,1962,1308,475,0.5638819738421684,0.8936298730018324,0.4830378467176344,0.410592026284198,0.5000720288115247,0.0638099450306437,0.0404840141865178,0.0299843770668842,-0.0708383386644746,0.6376146788990825,0.8226299694189603,474,232,168,167,1,0.128440366972477,0.312267657992565,0.5123221381874119,0.893328375274464,2.9895454032112707,3.5853042042025702,0.14144208319285786,-0.004572388323349186,0.410592026284198
gemma4-12b,qwen3-8b-base,geometry_of_truth,cross-family,12.0,8.0,3018,2012,1000,0.7480750988142292,0.99825790513834,0.9485266798418972,0.0497312252964428,0.6277272727272728,0.1203478260869563,0.3964767331284128,0.5994778012504041,0.594453195415098,0.6744532803180915,0.978131212723658,655,44,24,18,6,0.0119284294234592,0.0355555555555555,0.5931841278640059,0.9980513818650256,7.647373566767482,9.264730994282687,4.291675926119094,0.1987442771683866,0.1203478260869563
gemma4-12b,qwen3-8b-base,imdb,cross-family,12.0,8.0,3000,2000,1018,0.5940754804556677,0.9755150668816696,0.1931285736578651,0.7823864932238045,0.5050286292758853,0.0890468511797824,0.1139082208756882,0.0599654262227835,-0.1777037019691145,0.556,0.929,888,142,78,51,27,0.039,0.0819327731092437,0.5496634272805834,0.9748231819949448,4.355554680752756,5.177462037555667,1.1570589323822453,0.029502450574587356,0.7823864932238045
gemma4-12b,qwen3-8b-base,rte,cross-family,12.0,8.0,166,111,62,0.4427254772876893,0.9157340355497038,0.9094799210006584,0.0062541145490454,0.5302830809743253,-0.087557603686636,0.1373622470216939,-0.2555572366369696,0.0066878292871168,0.4054054054054054,0.8018018018018018,66,22,19,16,3,0.1711711711711711,0.2753623188405797,0.297752808988764,0.932996632996633,5.321539377692765,6.194752923507826,1.6386882075062343,0.06000999080392355,0.0062541145490454
gemma4-12b,qwen3-8b-base,truthfulqa,cross-family,12.0,8.0,980,654,327,0.6490942588072459,0.9195073366439414,0.6857166905142664,0.2337906461296749,0.5803757633569939,0.0687184954502519,0.0534203691697245,-0.1829449782916388,-0.0376694101778809,0.5963302752293578,0.827217125382263,264,113,64,30,34,0.0978593272171253,0.2044728434504792,0.5512407374086009,0.9155788655788656,4.5018691447913435,5.3169187560484215,2.004495123400686,-0.03725492324899335,0.2337906461296749
gemma4-12b,qwen38-27b,boolq,cross-family,12.0,27.0,1962,1308,475,0.5638819738421684,0.9392279016869906,0.587686864219372,0.3515410374676185,0.4705199974726732,0.0933619763694951,0.1948886042715325,0.143400044367885,-0.0218968237056498,0.6376146788990825,0.8914373088685015,474,142,96,96,0,0.073394495412844,0.1846153846153846,0.5274019761795472,0.9385124811543172,4.816067287907003,5.363341182435434,0.302415781854048,0.0014947554933805484,0.3515410374676185
gemma4-12b,qwen38-27b,geometry_of_truth,cross-family,12.0,27.0,3018,2012,1000,0.7480750988142292,0.9983764822134388,0.9755,0.0228764822134387,0.6053498023715416,0.1427252964426876,0.5517228930984758,0.645275402760443,0.5927164296515091,0.6744532803180915,0.9826043737574552,655,35,24,18,6,0.0119284294234592,0.036036036036036,0.5397788857576414,0.9982403933238452,4.664048256077776,4.98789677788579,2.0156086920471825,-0.007715949722657596,0.1427252964426876
gemma4-12b,qwen38-27b,rte,cross-family,12.0,27.0,166,111,62,0.4427254772876893,0.967083607636603,0.9414088215931534,0.0256747860434495,0.5095457537853851,-0.0668202764976958,0.2489705294833831,-0.1724831044040757,-0.0424207446862254,0.4054054054054054,0.8558558558558559,66,16,14,12,2,0.1261261261261261,0.2058823529411764,0.256578947368421,0.9717171717171718,1.514849387136177,1.8734897544110072,0.258077212741688,-0.054491554215384055,0.0256747860434495
gemma4-12b,qwen38-27b,truthfulqa,cross-family,12.0,27.0,980,654,327,0.6490942588072459,0.9541471443668228,0.7991658016066736,0.1549813427601492,0.5571547475427621,0.0919395112644838,0.1226568920094822,-0.1455855510451302,-0.0760111070900921,0.5963302752293578,0.8776758409785933,264,80,39,23,16,0.0596330275229357,0.1278688524590163,0.6071646341463415,0.9531662781662782,2.050527676812292,2.5193175585715473,0.49034348881901213,-0.007565452869075858,0.1549813427601492
gemma4-12b-base,gemma4-31b,boolq,same-family,12.0,31.0,1962,1308,475,0.8315284008340178,0.8310406267770266,0.5499184937132747,0.2811221330637519,0.565110254628167,0.2664181462058508,0.1831673388859977,0.1946017954066975,0.2296118029990832,0.7293577981651376,0.7844036697247706,354,282,156,141,15,0.1192660550458715,0.325,0.7484896243761492,0.794984543225669,5.444466065915127,6.198869475306491,1.1867094125362996,0.26921953452148173,0.2811221330637519
gemma4-12b-base,gemma4-31b,geometry_of_truth,same-family,12.0,31.0,3018,2012,1000,0.9973596837944664,0.9628982213438736,0.782350790513834,0.1805474308300394,0.9816274703557312,0.0157322134387351,0.8535078307482329,0.8256971035669899,0.7894155559460154,0.9811133200795228,0.8941351888667992,38,213,17,12,5,0.0084493041749502,0.0726495726495726,0.9949215396138178,0.8607422812350023,4.458919653598642,4.627812760229321,1.8673658763228687,0.10919568235900616,0.1805474308300394
gemma4-12b-base,gemma4-31b,rte,same-family,12.0,31.0,166,111,62,0.7890059249506254,0.6277156023699803,0.521724818959842,0.1059907834101382,0.6813693219223174,0.107636603028308,0.3366602290192614,0.02784109988038,-0.0662111255982755,0.6396396396396397,0.5585585585585585,40,49,26,25,1,0.2342342342342342,0.4126984126984127,0.7248189598420014,0.5369718309859155,3.2982252792115676,3.790175703747865,1.1463341982052306,0.277056647897338,0.107636603028308
gemma4-12b-base,gemma4-31b,truthfulqa,same-family,12.0,31.0,980,654,327,0.8785549289715606,0.7854838257161294,0.7032516903739865,0.0822321353421429,0.5771867313825062,0.3013681975890544,0.3543276681966797,0.1815268941280117,0.155516668531779,0.7981651376146789,0.7217125382262997,132,182,72,18,54,0.110091743119266,0.2975206611570248,0.8409736449990687,0.686941251596424,3.2624483747193835,3.8192001772221076,1.167020571717564,0.20282824233380806,0.3013681975890544
gemma4-12b-base,llama-8b,boolq,cross-family,12.0,8.0,1962,1308,475,0.8315284008340178,0.8544310355721236,0.7853844695773046,0.069046565994819,0.6146660769570986,0.2168623238769191,0.5415606650249529,0.6805736504330104,0.5465103043884127,0.7293577981651376,0.7859327217125383,354,280,190,170,20,0.1452599388379205,0.4279279279279279,0.7169191217342967,0.8087979248836301,0.784164756326865,1.009633254892019,0.09116099582932809,0.6837290237224954,0.2168623238769191
gemma4-12b-base,llama-8b,geometry_of_truth,cross-family,12.0,8.0,3018,2012,1000,0.9973596837944664,0.9984980237154152,0.9963804347826088,0.0021175889328063,0.9902490118577076,0.0071106719367588,0.95152472665091,0.8990306463229683,0.8634467152037579,0.9811133200795228,0.985089463220676,38,30,17,13,4,0.0084493041749502,0.3333333333333333,0.9608139926000672,0.9725243960966246,1.6968377238683863,1.9548414483816225,0.3088821005801594,0.8586698442625185,0.0071106719367588
gemma4-12b-base,llama-8b,imdb,cross-family,12.0,8.0,3000,2000,1018,0.9185276029433536,0.9719108991313186,0.8656204610293735,0.106290438101945,0.636038076336733,0.2824895266066206,0.762857889841808,0.7739068557335987,0.6911969193858452,0.8415,0.918,317,164,91,66,25,0.0455,0.2333333333333333,0.7616471385302087,0.9401193227506088,1.7798171888925136,2.221246597026183,0.49416090899071824,0.30445457209068927,0.2824895266066206
gemma4-12b-base,llama-8b,rte,cross-family,12.0,8.0,166,111,62,0.7890059249506254,0.8127057274522712,0.7238314680710993,0.0888742593811718,0.7011191573403555,0.0878867676102699,0.8737927652996623,0.4440115417394612,0.2498494086305757,0.6396396396396397,0.7117117117117117,40,32,28,27,1,0.2522522522522522,0.6363636363636364,0.6064082278481013,0.7556338028169015,1.0790275430528695,1.494586247057746,0.200022353368532,0.7510379136357492,0.0888742593811718
gemma4-12b-base,llama-8b,truthfulqa,cross-family,12.0,8.0,980,654,327,0.8785549289715606,0.9356301845149584,0.8506485611948114,0.0849816233201471,0.7648720178810239,0.1136829110905367,0.7947703789393121,0.5887221690834605,0.4345416610198862,0.7981651376146789,0.8425076452599388,132,103,54,13,41,0.0825688073394495,0.2983425414364641,0.7820908145824891,0.8928654359688842,1.582939681108024,1.9296720230310864,0.35721496267319824,0.5760642068375527,0.1136829110905367
gemma4-12b-base,olmo3-7b,boolq,cross-family,12.0,7.0,1962,1308,475,0.8315284008340178,0.8341062740885827,0.5489429455992924,0.2851633284892904,0.5674808870916788,0.264047513742339,0.5280121760649673,0.4260679770336855,0.4554555503041938,0.7293577981651376,0.7576452599388379,354,317,211,197,14,0.1613149847094801,0.458695652173913,0.749190665516462,0.7841026187684326,1.9149336466730917,2.2899245223754026,0.3035191010292837,0.31780785731349287,0.2851633284892904
gemma4-12b-base,olmo3-7b,geometry_of_truth,cross-family,12.0,7.0,3018,2012,1000,0.9973596837944664,0.9942687747035572,0.9901017786561266,0.0041669960474306,0.99048814229249,0.0068715415019763,0.9085211493611296,0.8031377836951171,0.8381961678753677,0.9811133200795228,0.9602385685884692,38,80,23,19,4,0.0114314115308151,0.2421052631578947,0.9875258799171842,0.9408094704847224,1.7379977953836885,2.1697318608807907,0.3407715389893806,0.8466928458621348,0.0068715415019763
gemma4-12b-base,olmo3-7b,imdb,cross-family,12.0,7.0,3000,2000,1018,0.9185276029433536,0.9686388389838309,0.9135609937619787,0.0550778452218519,0.6003325077325053,0.3181950952108483,0.7818800427343555,0.5936058603231459,0.5928344902198944,0.8415,0.9135,317,173,88,62,26,0.044,0.2189054726368159,0.7681153917948816,0.9339769939139024,2.617836717224121,3.079620633961538,0.5725086920078251,0.332931035675644,0.3181950952108483
gemma4-12b-base,olmo3-7b,rte,cross-family,12.0,7.0,166,111,62,0.7890059249506254,0.8581303489137591,0.8229098090849243,0.0352205398288347,0.7208689927583937,0.0681369321922317,0.7565894699957323,0.1763983801245268,0.2364521780236155,0.6396396396396397,0.7387387387387387,40,29,21,20,1,0.1891891891891892,0.4375,0.6206896551724138,0.8232394366197183,2.878440870705062,3.356248031320149,0.5588197030370795,0.5047675480170277,0.0681369321922317
gemma4-12b-base,olmo3-7b,truthfulqa,cross-family,12.0,7.0,980,654,327,0.8785549289715606,0.8972495768220035,0.7781425057748599,0.1191070710471435,0.7068989703448083,0.1716559586267523,0.7014753788139212,0.2811470299206996,0.3780123331609243,0.7981651376146789,0.7981651376146789,132,132,64,15,49,0.0978593272171253,0.32,0.8059038662486938,0.8393562057355162,1.4893904975826329,1.8751690605619271,0.3093193504132166,0.3920515887186328,0.1716559586267523
gemma4-12b-base,qwen3-1.7b,boolq,cross-family,12.0,1.7,1962,1308,475,0.8315284008340178,0.8171352751626967,0.5694168193593228,0.2477184558033739,0.5126934984520124,0.3188349023820054,0.6345126557239266,0.5823892187110737,0.4245215945705728,0.7293577981651376,0.7477064220183486,354,330,207,193,14,0.1582568807339449,0.4339622641509434,0.760187767242982,0.7603578154425612,3.2649034815188225,3.583141140064507,0.6159642145909593,0.16978934615938265,0.3188349023820054
gemma4-12b-base,qwen3-1.7b,geometry_of_truth,cross-family,12.0,1.7,3018,2012,1000,0.9973596837944664,0.9934357707509882,0.9856195652173914,0.0078162055335968,0.9880701581027668,0.0092895256916997,0.8838039656096082,0.8256497061183524,0.8188445090900809,0.9811133200795228,0.9587475149105368,38,83,22,16,6,0.0109343936381709,0.2222222222222222,0.9836984016938672,0.928211486162214,4.65484126467354,4.785336226861423,1.293959019046496,0.37016294436704467,0.0092895256916997
gemma4-12b-base,qwen3-1.7b,imdb,cross-family,12.0,1.7,3000,2000,1018,0.9185276029433536,0.9536549842148856,0.6411797422364847,0.3124752419784009,0.565681280734958,0.3528463222083956,0.7899285924056499,0.6246827667745907,0.5185137259095846,0.8415,0.8855,317,229,110,69,41,0.055,0.2522935779816513,0.802950988635439,0.9039738637066528,4.483278127554059,4.678071319354971,1.1312656441103455,0.09678268782138708,0.3528463222083956
gemma4-12b-base,qwen3-1.7b,rte,cross-family,12.0,1.7,166,111,62,0.7890059249506254,0.8772218564845293,0.7261356155365373,0.151086240947992,0.7620144832126399,0.0269914417379855,0.7968058068627611,0.2915597203545976,0.2021356579061299,0.6396396396396397,0.6936936936936937,40,34,22,21,1,0.1981981981981982,0.4230769230769231,0.6382734912146677,0.7820422535211267,2.3396886234249017,2.5056935319428555,0.44392169261853437,0.4139335882600127,0.151086240947992
gemma4-12b-base,qwen3-1.7b,truthfulqa,cross-family,12.0,1.7,980,654,327,0.8785549289715606,0.8749731130002151,0.6742230826062153,0.2007500303939997,0.6703981146368151,0.2081568143347455,0.7399635201269024,0.3923067811190572,0.3146878262352167,0.7981651376146789,0.8012232415902141,132,130,63,16,47,0.0963302752293578,0.3165829145728643,0.8035085143863769,0.8052798095901544,3.6670268488958992,3.918574733980133,0.9183184089030972,0.17016050400968563,0.2081568143347455
gemma4-12b-base,qwen3-32b,boolq,cross-family,12.0,32.0,1962,1308,475,0.8315284008340178,0.9175105831806406,0.853811840525684,0.0636987426549565,0.6254451254185884,0.2060832754154293,0.5164826545245927,0.5581519021318277,0.5145269960524053,0.7293577981651376,0.8707951070336392,354,169,124,106,18,0.0948012232415902,0.3107769423558897,0.6439729649697907,0.8927915763540962,2.163051892912716,2.651894291806468,0.5563524321363643,0.6091847334899385,0.2060832754154293
gemma4-12b-base,qwen3-32b,geometry_of_truth,cross-family,12.0,32.0,3018,2012,1000,0.9973596837944664,0.999120553359684,0.9977895256916997,0.0013310276679842,0.9905998023715415,0.0067598814229248,0.819113028370797,0.7812079762410422,0.8520287601308172,0.9811133200795228,0.9870775347912524,38,26,16,12,4,0.0079522862823061,0.3333333333333333,0.9505190177395616,0.9864421692529196,1.844517271182172,2.330955686859816,0.2683057164913426,0.8425865747674381,0.0067598814229248
gemma4-12b-base,qwen3-32b,imdb,cross-family,12.0,32.0,3000,2000,1018,0.9185276029433536,0.9749198740391888,0.9471508768841106,0.027768997155078,0.606587534361133,0.3119400685822207,0.4719245796295353,0.7108184971850962,0.6531005279313533,0.8415,0.928,317,144,81,53,28,0.0405,0.2131578947368421,0.7466138350095786,0.9435025707061334,2.517659374523163,2.769034036080251,0.6642592580670835,0.25406454738349693,0.3119400685822207
gemma4-12b-base,qwen3-32b,rte,cross-family,12.0,32.0,166,111,62,0.7890059249506254,0.9634628044766294,0.9535878867676104,0.009874917709019,0.7156023699802502,0.0734035549703752,0.613491030464868,0.3395638029337645,0.2515875947383709,0.6396396396396397,0.8918918918918919,40,12,10,9,1,0.09009009009009,0.238095238095238,0.5084175084175084,0.9559859154929576,1.2285085813233139,1.4777392167970274,0.1785689914133508,0.6891597112738889,0.0734035549703752
gemma4-12b-base,qwen3-32b,truthfulqa,cross-family,12.0,32.0,980,654,327,0.8785549289715606,0.9692412722460698,0.8715315770277474,0.0977096952183224,0.7329442901364456,0.145610638835115,0.411224513327971,0.407104102861226,0.4109367222547387,0.7981651376146789,0.900611620795107,132,65,27,12,15,0.0412844036697247,0.1588235294117647,0.8037612642026905,0.9535295483571348,1.4884916230981469,1.8910765234735836,0.3372324329779846,0.34286672765790843,0.145610638835115
gemma4-12b-base,qwen3-8b,boolq,cross-family,12.0,8.0,1962,1308,475,0.8315284008340178,0.8986440892146333,0.8386908447589562,0.0599532444556771,0.6320894673658938,0.199438933468124,0.6691461393308988,0.4833396260271945,0.4751661836741261,0.7293577981651376,0.827217125382263,354,226,154,138,16,0.1177370030581039,0.3615023474178404,0.6897706639621807,0.8708619076383706,4.945692370353509,5.646356630935985,0.8724547497734162,0.4923207403484464,0.199438933468124
gemma4-12b-base,qwen3-8b,geometry_of_truth,cross-family,12.0,8.0,3018,2012,1000,0.9973596837944664,0.9976422924901186,0.9950869565217392,0.0025553359683794,0.9888409090909092,0.0085187747035572,0.8869885931619794,0.795544226467556,0.8505165439473896,0.9811133200795228,0.9796222664015904,38,41,19,14,5,0.0094433399602385,0.3166666666666666,0.967516798455656,0.97612382018877,5.795213018653032,6.876685315314224,1.0896600123900722,0.6598041521147844,0.0085187747035572
gemma4-12b-base,qwen3-8b,imdb,cross-family,12.0,8.0,3000,2000,1018,0.9185276029433536,0.9709705944726092,0.9552625050516368,0.0157080894209723,0.5977586738103146,0.3207689291330391,0.7264031831003193,0.6589113633157482,0.6151700803470791,0.8415,0.9185,317,163,90,58,32,0.045,0.2307692307692307,0.7568755406086877,0.9389047273626974,6.066438846809566,7.509602730473148,1.6980452110079034,0.35539056052510287,0.3207689291330391
gemma4-12b-base,qwen3-8b,rte,cross-family,12.0,8.0,166,111,62,0.7890059249506254,0.933838051349572,0.912442396313364,0.0213956550362079,0.7261356155365372,0.0628703094140882,0.7875521808908614,0.2317597138901994,0.2577643897473259,0.6396396396396397,0.8198198198198198,40,20,16,14,2,0.1441441441441441,0.3636363636363636,0.5225274725274726,0.9242957746478871,3.718665393896477,4.356594842583893,0.7220160765658458,0.620994378386451,0.0628703094140882
gemma4-12b-base,qwen3-8b,truthfulqa,cross-family,12.0,8.0,980,654,327,0.8785549289715606,0.9380804084953568,0.839790889281673,0.0982895192136836,0.7321026101431791,0.1464523188283815,0.5912112210825524,0.322844196128925,0.3984204364930115,0.7981651376146789,0.8547400611620795,132,95,46,13,33,0.0703363914373088,0.2541436464088398,0.7815836550230675,0.8975386044351562,3.4866604139547275,4.222886299794933,0.808834415296096,0.3290526161889523,0.1464523188283815
gemma4-12b-base,qwen3-8b-base,boolq,cross-family,12.0,8.0,1962,1308,475,0.8315284008340178,0.8936298730018324,0.714624376066216,0.1790054969356164,0.634328678839957,0.1971997219940607,0.3085308291731786,0.4497828924553088,0.4794671987093933,0.7293577981651376,0.8226299694189603,354,232,163,148,15,0.1246177370030581,0.3853427895981087,0.6954837520830663,0.8630032334861244,2.759045299769177,3.1454274428231437,0.46063082539031136,0.4018055440504146,0.1971997219940607
gemma4-12b-base,qwen3-8b-base,geometry_of_truth,cross-family,12.0,8.0,3018,2012,1000,0.9973596837944664,0.99825790513834,0.9968122529644268,0.001445652173913,0.9866521739130436,0.0107075098814228,0.8391700261209065,0.8182222620832057,0.8537913983916198,0.9811133200795228,0.978131212723658,38,44,23,18,5,0.0114314115308151,0.3898305084745763,0.9692696784922396,0.9718445048792193,5.955787197408487,7.184163852320383,1.2147440262515812,0.4918049821770551,0.0107075098814228
gemma4-12b-base,qwen3-8b-base,imdb,cross-family,12.0,8.0,3000,2000,1018,0.9185276029433536,0.9755150668816696,0.9165449605672238,0.0589701063144458,0.5950778052088876,0.323449797734466,0.710406544068084,0.701015785696788,0.6584856536456407,0.8415,0.929,317,142,82,59,23,0.041,0.2175066312997347,0.7393191224851802,0.946226038450941,4.453657812321188,5.350168347929992,1.1589430889769032,0.3415659648134341,0.323449797734466
gemma4-12b-base,qwen3-8b-base,rte,cross-family,12.0,8.0,166,111,62,0.7890059249506254,0.9157340355497038,0.9229756418696512,-0.0072416063199473,0.7472021066491112,0.0418038183015141,0.6038975471001129,0.2456169169064446,0.2567208615845268,0.6396396396396397,0.8018018018018018,40,22,16,16,0,0.1441441441441441,0.3478260869565217,0.559244126659857,0.9007042253521126,4.997405247567754,5.845456940823101,1.0552524109422572,0.6918593550154982,0.0418038183015141
gemma4-12b-base,qwen3-8b-base,truthfulqa,cross-family,12.0,8.0,980,654,327,0.8785549289715606,0.9195073366439414,0.8081998335344014,0.1113075031095399,0.7280999541752005,0.1504549747963601,0.496067056291316,0.3546446964395451,0.4115796049331788,0.7981651376146789,0.827217125382263,132,113,58,17,41,0.0886850152905198,0.3101604278074866,0.7945136014918293,0.8634186694531522,2.8851648657383224,3.4769841921355615,0.5871038501594102,0.376460218966165,0.1504549747963601
gemma4-12b-base,qwen38-27b,boolq,cross-family,12.0,27.0,1962,1308,475,0.8315284008340178,0.9392279016869906,0.8394364061414039,0.0997914955455866,0.6718746445946799,0.1596537562393378,0.6016866517692749,0.6064550067313735,0.5283255669761923,0.7293577981651376,0.8914373088685015,354,142,103,90,13,0.0787461773700305,0.2620865139949109,0.6464559224989732,0.923136599983418,0.675840978994282,0.8476752399586617,0.06461278164428251,0.36591892613107513,0.1596537562393378
gemma4-12b-base,qwen38-27b,geometry_of_truth,cross-family,12.0,27.0,3018,2012,1000,0.9973596837944664,0.9983764822134388,0.9959970355731224,0.0023794466403161,0.988755928853755,0.0086037549407114,0.9053120460439172,0.8673039790323338,0.8626741683621525,0.9811133200795228,0.9826043737574552,38,35,17,14,3,0.0084493041749502,0.3035714285714285,0.9671074499602572,0.9796832506798911,2.520248045456812,2.7391505687308353,0.545047158951902,0.5145332401729381,0.0086037549407114
gemma4-12b-base,qwen38-27b,rte,cross-family,12.0,27.0,166,111,62,0.7890059249506254,0.967083607636603,0.9427254772876892,0.0243581303489136,0.7518104015799867,0.0371955233706386,0.858339408786396,0.4006592188873003,0.2574423621229568,0.6396396396396397,0.8558558558558559,40,16,13,12,1,0.1171171171171171,0.3023255813953488,0.5098684210526316,0.9647887323943662,0.9098318974463948,1.1040842108694806,0.12431399987453555,0.11422324834726148,0.0371955233706386
gemma4-12b-base,qwen38-27b,truthfulqa,cross-family,12.0,27.0,980,654,327,0.8785549289715606,0.9541471443668228,0.8392765292857878,0.114870615081035,0.7328788261369694,0.1456761028345912,0.7824299168075719,0.4896662243819921,0.4245723898266021,0.7981651376146789,0.8776758409785933,132,80,38,17,21,0.0581039755351682,0.2183908045977011,0.7934451219512195,0.9272611169162892,0.9777625860826475,1.230551633556542,0.15004628453115673,-0.03865122355541327,0.1456761028345912
gemma4-31b,llama-8b,boolq,cross-family,31.0,8.0,1962,1308,475,0.8310406267770266,0.8544310355721236,0.5870550325393316,0.2673760030327921,0.6061287672963922,0.2249118594806344,0.2255247132295847,0.430658747810123,0.2670675063719979,0.7844036697247706,0.7859327217125383,282,280,130,105,25,0.0993883792048929,0.3009259259259259,0.769538632573652,0.7913089461241757,5.377425795784513,6.140398068628677,0.37849102716653465,0.2888752738248317,0.2673760030327921
gemma4-31b,llama-8b,geometry_of_truth,cross-family,31.0,8.0,3018,2012,1000,0.9628982213438736,0.9984980237154152,0.9882193675889328,0.0102786561264822,0.7253053359683795,0.2375928853754939,0.8848841516256772,0.8419637117184366,0.8276892511940859,0.8941351888667992,0.985089463220676,213,30,17,11,6,0.0084493041749502,0.0752212389380531,0.8082576522031618,0.9958792965314586,3.9586400820323773,4.678868347674112,1.2991758009408216,0.16549259084583165,0.2375928853754939
gemma4-31b,llama-8b,rte,cross-family,31.0,8.0,166,111,62,0.6277156023699803,0.8127057274522712,0.7975641869651086,0.0151415404871626,0.6053324555628703,0.0223831468071099,0.3197017661430497,0.0674989591058993,-0.030339002610443,0.5585585585585585,0.7117117117117117,49,32,23,21,2,0.2072072072072072,0.396551724137931,0.4513449367088608,0.7626728110599078,2.772672492943516,3.328824897741723,0.5238667267730709,0.3370373533384836,0.0223831468071099
gemma4-31b,llama-8b,truthfulqa,cross-family,31.0,8.0,980,654,327,0.7854838257161294,0.9356301845149584,0.7065716503474269,0.2290585341675316,0.6795069625639444,0.105976863152185,0.3508686624902996,0.2871932710567441,0.1708136478202654,0.7217125382262997,0.8425076452599388,182,103,54,21,33,0.0825688073394495,0.2337662337662337,0.6608108822441106,0.9168141180853046,2.474811913948791,3.196266292301455,0.4402422966470247,0.24661380424254317,0.2290585341675316
gemma4-31b,olmo3-7b,boolq,cross-family,31.0,7.0,1962,1308,475,0.8310406267770266,0.8341062740885827,0.5689442092626524,0.2651620648259303,0.5548063435900675,0.2762342831869591,0.213161151797438,0.2032658510324368,0.2057914436606371,0.7844036697247706,0.7576452599388379,282,317,148,127,21,0.1131498470948012,0.328159645232816,0.7809178505604065,0.7554746796068185,4.515461854746414,5.340682273600109,0.37248781816286425,0.1264380868306009,0.2762342831869591
gemma4-31b,olmo3-7b,geometry_of_truth,cross-family,31.0,7.0,3018,2012,1000,0.9628982213438736,0.9942687747035572,0.9694318181818182,0.024836956521739,0.8206610671936759,0.1422371541501975,0.8350103434091135,0.7588138341194591,0.8231626645638991,0.8941351888667992,0.9602385685884692,213,80,38,23,15,0.0188866799204771,0.1490196078431372,0.8709174430641822,0.98348586982335,4.033272365357719,4.728698031399984,1.3038465932273111,0.1720883944134041,0.1422371541501975
gemma4-31b,olmo3-7b,rte,cross-family,31.0,7.0,166,111,62,0.6277156023699803,0.8581303489137591,0.8354180381830152,0.0227123107307438,0.6030283080974326,0.0246872942725476,0.2838252537279616,-0.1386026679149294,0.0208054053526587,0.5585585585585585,0.7387387387387387,49,29,19,17,2,0.1711711711711711,0.3220338983050847,0.4592094196804037,0.8271889400921658,5.138224118560658,5.849679558502856,2.0866412752236547,0.21078511491259985,0.0246872942725476
gemma4-31b,olmo3-7b,truthfulqa,cross-family,31.0,7.0,980,654,327,0.7854838257161294,0.8972495768220035,0.720711874234305,0.1765377025876984,0.6989871784081025,0.0864966473080268,0.3576536221966416,0.0717634654202882,0.1877369681620875,0.7217125382262997,0.7981651376146789,182,132,74,27,47,0.1131498470948012,0.3083333333333333,0.6766080343666551,0.8636384801639039,3.1767015266687375,3.890593649434143,0.8025265069962854,0.19344957344333438,0.1765377025876984
gemma4-31b,qwen3-1.7b,boolq,cross-family,31.0,1.7,1962,1308,475,0.8310406267770266,0.8171352751626967,0.6332444556770076,0.183890819485689,0.5828824161243445,0.248158210652682,0.2481475408415863,0.3713915113318703,0.2647548654496425,0.7844036697247706,0.7477064220183486,282,330,152,127,25,0.1162079510703364,0.3304347826086956,0.7899020883683461,0.7320413918958151,3.821976716734422,4.646896742014454,0.4550730309338161,0.07916183408433632,0.248158210652682
gemma4-31b,qwen3-1.7b,geometry_of_truth,cross-family,31.0,1.7,3018,2012,1000,0.9628982213438736,0.9934357707509882,0.9423843873517788,0.0510513833992095,0.8310049407114626,0.1318932806324109,0.7560176422343834,0.7842964623750305,0.8006484183842073,0.8941351888667992,0.9587475149105368,213,83,34,25,9,0.0168986083499005,0.1297709923664122,0.8859325326188112,0.9821314397409098,9.113545026219862,9.166362550454602,5.109915363564389,0.1525631108768739,0.1318932806324109
gemma4-31b,qwen3-1.7b,rte,cross-family,31.0,1.7,166,111,62,0.6277156023699803,0.8772218564845293,0.7261356155365372,0.1510862409479921,0.5674786043449638,0.0602369980250164,0.3149314611084792,-0.0174887585344536,0.0006696559040206,0.5585585585585585,0.6936936936936937,49,34,22,21,1,0.1981981981981982,0.360655737704918,0.5168067226890757,0.7890059249506255,5.162902611795316,5.673160098722513,1.996487374100048,0.22341153595136995,0.1510862409479921
gemma4-31b,qwen3-1.7b,truthfulqa,cross-family,31.0,1.7,980,654,327,0.7854838257161294,0.8749731130002151,0.6910379784716962,0.1839351345285188,0.6899531464803748,0.0955306792357546,0.3344425190909146,0.179287113846548,0.1255650539797893,0.7217125382262997,0.8012232415902141,182,130,64,22,42,0.0978593272171253,0.2580645161290322,0.6898708162066941,0.839192587073943,6.5734775502096,7.051794675826118,3.15412546487321,0.10691107080717122,0.1839351345285188
gemma4-31b,qwen3-32b,boolq,cross-family,31.0,32.0,1962,1308,475,0.8310406267770266,0.9175105831806406,0.6131193530043597,0.3043912301762809,0.5567700764516333,0.2742705503253932,0.2062816888014832,0.3462986887089874,0.2523270493619074,0.7844036697247706,0.8707951070336392,282,169,101,81,20,0.077217125382263,0.2885714285714286,0.6924479586058568,0.8645051359683684,5.503906767025389,6.456736241447699,0.8069085634705402,0.367468215811275,0.3043912301762809
gemma4-31b,qwen3-32b,geometry_of_truth,cross-family,31.0,32.0,3018,2012,1000,0.9628982213438736,0.999120553359684,0.9852588932806324,0.0138616600790514,0.7970642292490118,0.1658339920948617,0.7339765885714515,0.7504877138978089,0.830686161848746,0.8941351888667992,0.9870775347912524,213,26,13,8,5,0.0064612326043737,0.0575221238938053,0.8428615694476722,0.9976512773136876,5.760625822691035,6.316046839012601,2.386788146582623,0.14783452216689033,0.1658339920948617
gemma4-31b,qwen3-32b,rte,cross-family,31.0,32.0,166,111,62,0.6277156023699803,0.9634628044766294,0.9394338380513496,0.0240289664252797,0.5608953258722844,0.0668202764976958,0.2648917773430642,0.0045407113768042,0.0231298748158106,0.5585585585585585,0.8918918918918919,49,12,10,9,1,0.09009009009009,0.196078431372549,0.2626262626262626,0.9509545753785384,3.404497833566115,3.948686787287704,0.8798342299607514,0.3432248635800116,0.0668202764976958
gemma4-31b,qwen3-32b,truthfulqa,cross-family,31.0,32.0,980,654,327,0.7854838257161294,0.9692412722460698,0.8438870652489034,0.1253542069971663,0.7172796902617624,0.0682041354543669,0.1800730003984822,0.180384660296842,0.2237195510892147,0.7217125382262997,0.900611620795107,182,65,33,16,17,0.0504587155963302,0.1542056074766355,0.6824082538853338,0.9607352393369342,3.1551653761341787,3.918541139361501,0.7737658288872242,0.043766340331895845,0.1253542069971663
gemma4-31b,qwen3-8b,boolq,cross-family,31.0,8.0,1962,1308,475,0.8310406267770266,0.8986440892146333,0.6632059139445252,0.2354381752701081,0.5363012573450432,0.2947393694319834,0.185055529653105,0.2501985093845396,0.2241871418501078,0.7844036697247706,0.827217125382263,282,226,122,100,22,0.0932721712538226,0.3160621761658031,0.7398868041810478,0.840822999184328,3.764178292224361,4.762666596601736,0.5573598364089579,0.24405582815833438,0.2947393694319834
gemma4-31b,qwen3-8b,geometry_of_truth,cross-family,31.0,8.0,3018,2012,1000,0.9628982213438736,0.9976422924901186,0.9793112648221344,0.0183310276679842,0.7256254940711463,0.2372727272727272,0.7447361475696519,0.739217429307614,0.8297326752593692,0.8941351888667992,0.9796222664015904,213,41,21,14,7,0.0104373757455268,0.0901287553648068,0.8364207842991672,0.9937263007356724,10.208981702877185,11.166053887622244,6.295940753987493,0.09424141131411394,0.2372727272727272
gemma4-31b,qwen3-8b,rte,cross-family,31.0,8.0,166,111,62,0.6277156023699803,0.933838051349572,0.9371296905859118,-0.0032916392363396,0.6191573403554971,0.0085582620144831,0.2386441676252506,-0.0830795932729953,0.0522859058262957,0.5585585585585585,0.8198198198198198,49,20,11,10,1,0.0990990990990991,0.1896551724137931,0.5109890109890111,0.9160631994733376,6.19852423700184,6.85613481622143,2.721106021074997,0.27687350264514365,0.0085582620144831
gemma4-31b,qwen3-8b,truthfulqa,cross-family,31.0,8.0,980,654,327,0.7854838257161294,0.9380804084953568,0.7917590176659279,0.1463213908294287,0.7153905862768752,0.0700932394392541,0.2340730017231589,0.0912127747427741,0.192168859864072,0.7217125382262997,0.8547400611620795,182,95,49,21,28,0.0749235474006116,0.2149122807017544,0.6770925524903494,0.9205159247532128,5.9957960025655055,6.977716478157432,2.8047328218643046,0.010471304817187641,0.1463213908294287
gemma4-31b,qwen3-8b-base,boolq,cross-family,31.0,8.0,1962,1308,475,0.8310406267770266,0.8936298730018324,0.569078157578821,0.3245517154230114,0.4835610033487078,0.3474796234283188,0.0403079045435756,0.220183134848769,0.2082127650929395,0.7844036697247706,0.8226299694189603,282,232,118,98,20,0.0902140672782874,0.2979797979797979,0.7474402320215356,0.8355660625164172,3.821218799203848,4.60401097659526,0.34741469132525843,0.23900715088454141,0.3474796234283188
gemma4-31b,qwen3-8b-base,geometry_of_truth,cross-family,31.0,8.0,3018,2012,1000,0.9628982213438736,0.99825790513834,0.9786363636363636,0.0196215415019762,0.8050513833992095,0.157846837944664,0.727920198731914,0.7571682967289242,0.8278470277586828,0.8941351888667992,0.978131212723658,213,44,24,16,8,0.0119284294234592,0.1030042918454935,0.8253302845528455,0.9951511924987018,9.898431067208561,11.154913782896246,6.174055563755912,0.17489877959268582,0.157846837944664
gemma4-31b,qwen3-8b-base,rte,cross-family,31.0,8.0,166,111,62,0.6277156023699803,0.9157340355497038,0.9137590520079,0.0019749835418038,0.6023699802501645,0.0253456221198157,0.2222942504164121,-0.0654553926280554,0.0442333998669974,0.5585585585585585,0.8018018018018018,49,22,14,11,3,0.1261261261261261,0.2456140350877192,0.4693564862104188,0.9035549703752468,7.099443708623751,8.07666217000651,3.4641551190342135,0.27271446622874784,0.0253456221198157
gemma4-31b,qwen3-8b-base,truthfulqa,cross-family,31.0,8.0,980,654,327,0.7854838257161294,0.9195073366439414,0.7523496899812024,0.1671576466627389,0.7192155542462755,0.0662682714698539,0.1987118687959529,0.1408892616294688,0.2165863347831367,0.7217125382262997,0.827217125382263,182,113,59,23,36,0.0902140672782874,0.25,0.6706525117367051,0.8936720059601416,5.679810513476016,6.451787609656035,2.5114368142443735,0.029634944566817617,0.1671576466627389
gemma4-31b,qwen38-27b,boolq,cross-family,31.0,27.0,1962,1308,475,0.8310406267770266,0.9392279016869906,0.5148164528969482,0.4244114487900423,0.5243975484930814,0.3066430782839452,0.2439484427731391,0.3763982850369827,0.2604048237062448,0.7844036697247706,0.8914373088685015,282,142,87,69,18,0.0665137614678899,0.258160237388724,0.6730787814364748,0.8993509186678281,5.4890618220439675,6.262396897887086,0.3243934012748798,0.28520520444754127,0.4244114487900423
gemma4-31b,qwen38-27b,geometry_of_truth,cross-family,31.0,27.0,3018,2012,1000,0.9628982213438736,0.9983764822134388,0.9817084980237154,0.0166679841897232,0.7725909090909091,0.1903073122529643,0.800236541674887,0.8012755750714733,0.8316410133096065,0.8941351888667992,0.9826043737574552,213,35,19,14,5,0.0094433399602385,0.0829694323144104,0.8304935327697087,0.9963386023012264,6.972574444935763,7.07267690986832,3.08882716129386,0.10769277092599702,0.1903073122529643
gemma4-31b,qwen38-27b,rte,cross-family,31.0,27.0,166,111,62,0.6277156023699803,0.967083607636603,0.9601711652402896,0.0069124423963133,0.5585911784068467,0.0691244239631335,0.3232580931893755,0.0626292079495595,0.0208455247434509,0.5585585585585585,0.8558558558558559,49,16,11,10,1,0.0990990990990991,0.2037037037037037,0.4006578947368421,0.9535878867676102,3.326880525918644,3.9221287196927173,0.6923857948586287,-0.1525939993875011,0.0691244239631335
gemma4-31b,qwen38-27b,truthfulqa,cross-family,31.0,27.0,980,654,327,0.7854838257161294,0.9541471443668228,0.7704832178361343,0.1836639265306885,0.7149416902804665,0.0705421354356629,0.3592716606462588,0.2389204221264514,0.2065805788957535,0.7217125382262997,0.8776758409785933,182,80,36,18,18,0.055045871559633,0.1592920353982301,0.720927700348432,0.945334326690259,3.3662060470686552,3.923467289954176,0.7441509063641475,0.06326781398773135,0.1836639265306885
llama-8b,olmo3-7b,boolq,cross-family,8.0,7.0,1962,1308,475,0.8544310355721236,0.8341062740885827,0.5495419220319707,0.284564352056612,0.7458014784861313,0.1086295570859923,0.8893621595327755,0.4923633300367945,0.6471998135302348,0.7859327217125383,0.7576452599388379,280,317,156,134,22,0.1192660550458715,0.3537414965986394,0.8017233970084068,0.7556072818232351,1.9988797964123775,2.4603459315613514,0.4092472038018753,0.2845287415859566,0.284564352056612
llama-8b,olmo3-7b,geometry_of_truth,cross-family,8.0,7.0,3018,2012,1000,0.9984980237154152,0.9942687747035572,0.9896541501976284,0.0046146245059287,0.9957124505928854,0.0027855731225296,0.962322372808371,0.825192919413034,0.8961081289815551,0.985089463220676,0.9602385685884692,30,80,20,16,4,0.0099403578528827,0.2222222222222222,0.9881081780538302,0.923780692902792,1.1466420253127754,1.5301194923794312,0.1268114158913093,0.8726039280509844,0.0046146245059287
llama-8b,olmo3-7b,imdb,cross-family,8.0,7.0,3000,2000,1018,0.9719108991313186,0.9686388389838309,0.9545482736406596,0.0140905653431713,0.9534159067537882,0.0184949923775303,0.8663807301474726,0.6352907794930093,0.7201762240966998,0.918,0.9135,164,173,114,80,34,0.057,0.5112107623318386,0.8714434415052315,0.8538245921674904,2.991428905645758,3.2017347997399104,0.584940866370965,0.7911338312442353,0.0184949923775303
llama-8b,olmo3-7b,rte,cross-family,8.0,7.0,166,111,62,0.8127057274522712,0.8581303489137591,0.8462804476629361,0.0118499012508229,0.7850559578670178,0.0276497695852534,0.8179044328644002,0.1399427494492142,0.4027890912543567,0.7117117117117117,0.7387387387387387,32,29,20,19,1,0.1801801801801801,0.4878048780487805,0.6610597140454163,0.7598892405063291,3.1450812209276497,3.622977338830163,0.7289947120569851,0.5990404228073375,0.0276497695852534
llama-8b,olmo3-7b,truthfulqa,cross-family,8.0,7.0,980,654,327,0.9356301845149584,0.8972495768220035,0.803299385573605,0.0939501912483984,0.8376212252990303,0.0980089592159282,0.79904188366258,0.3026374089336189,0.5418240153729301,0.8425076452599388,0.7981651376146789,103,132,58,21,37,0.0886850152905198,0.327683615819209,0.8957244862417276,0.8086092365161313,1.8005613173600947,2.2527296132809522,0.39788725058009466,0.43127527268186827,0.0980089592159282
llama-8b,qwen3-1.7b,boolq,cross-family,8.0,1.7,1962,1308,475,0.8544310355721236,0.8171352751626967,0.6092727617362735,0.2078625134264231,0.7483692424338155,0.1060617931383081,0.7849564337638992,0.6378054041723074,0.6238904118366626,0.7859327217125383,0.7477064220183486,280,330,167,141,26,0.1276758409785932,0.3769751693002257,0.8023548367106649,0.7203376876042246,3.292818234728747,3.7011154097179606,0.7657416257320226,0.19308759449217974,0.2078625134264231
llama-8b,qwen3-1.7b,geometry_of_truth,cross-family,8.0,1.7,3018,2012,1000,0.9984980237154152,0.9934357707509882,0.9887588932806324,0.0046768774703557,0.995205533596838,0.0032924901185771,0.9142612888668596,0.8578164023861197,0.8819673903494525,0.985089463220676,0.9587475149105368,30,83,21,15,6,0.0104373757455268,0.2282608695652173,0.9875333370808272,0.9219475277497478,5.263576354441894,5.7452892311932615,2.029073925675311,0.5329119034433307,0.0046768774703557
llama-8b,qwen3-1.7b,imdb,cross-family,8.0,1.7,3000,2000,1018,0.9719108991313186,0.9536549842148856,0.8320125720733518,0.1216424121415338,0.9526686646473456,0.0192422344839728,0.701775520989809,0.675620115689846,0.675353527671361,0.918,0.8855,164,229,118,75,43,0.059,0.4290909090909091,0.9125059485796146,0.8052300866145917,5.463017190463095,5.650702698503049,1.940745688127895,0.5244462958785502,0.1216424121415338
llama-8b,qwen3-1.7b,rte,cross-family,8.0,1.7,166,111,62,0.8127057274522712,0.8772218564845293,0.8423304805793285,0.0348913759052008,0.7735352205398288,0.0391705069124423,0.7830728666169834,0.2791961764567215,0.3912159143688718,0.7117117117117117,0.6936936936936937,32,34,19,18,1,0.1711711711711711,0.4042553191489361,0.7173414820473645,0.7337816455696202,3.077673740819473,3.461513092408273,0.8847512176744369,0.3503953474802436,0.0391705069124423
llama-8b,qwen3-1.7b,truthfulqa,cross-family,8.0,1.7,980,654,327,0.9356301845149584,0.8749731130002151,0.7351700661186394,0.1398030468815756,0.8313834413489325,0.104246743166026,0.6927264186628148,0.413783235079195,0.4966993587365922,0.8425076452599388,0.8012232415902141,103,130,52,23,29,0.0795107033639143,0.287292817679558,0.8947005284791545,0.7699857276267335,4.974654792736183,5.3140979275979685,2.0503361473487502,0.26201605308408643,0.1398030468815756
llama-8b,qwen3-32b,boolq,cross-family,8.0,32.0,1962,1308,475,0.8544310355721236,0.9175105831806406,0.8737246477538383,0.0437859354268023,0.7576040942692868,0.0968269413028368,0.6289103411613485,0.6045603487458254,0.6911977481008599,0.7859327217125383,0.8707951070336392,280,169,120,94,26,0.091743119266055,0.364741641337386,0.6735223984497976,0.8656163146192328,1.911369935106429,2.4049781304884656,0.43465198312352654,0.6359986960340047,0.0968269413028368
llama-8b,qwen3-32b,geometry_of_truth,cross-family,8.0,32.0,3018,2012,1000,0.9984980237154152,0.999120553359684,0.9979229249011858,0.001197628458498,0.9968033596837944,0.0016946640316205,0.877627594697779,0.8084430735905392,0.906007810981822,0.985089463220676,0.9870775347912524,30,26,18,13,5,0.0089463220675944,0.4736842105263157,0.9578782244945389,0.9791624621594348,1.9301596669831997,2.1421089501543324,0.21175090011589376,0.8935186303565638,0.0016946640316205
llama-8b,qwen3-32b,imdb,cross-family,8.0,32.0,3000,2000,1018,0.9719108991313186,0.9749198740391888,0.9704344207523236,0.004485453286865,0.9613964924635582,0.0105144066677603,0.5685079552288517,0.7392309234365344,0.7659955050590278,0.918,0.928,164,144,110,70,40,0.055,0.5555555555555556,0.8484681812739464,0.8769229236410011,1.3272421861119568,1.6304726527300177,0.14291358027341525,0.9268849192707921,0.0105144066677603
llama-8b,qwen3-32b,rte,cross-family,8.0,32.0,166,111,62,0.8127057274522712,0.9634628044766294,0.9598420013166556,0.0036208031599738,0.7695852534562212,0.04312047399605,0.671638657015645,0.3393405194019401,0.4450098308532391,0.7117117117117117,0.8918918918918919,32,12,10,9,1,0.09009009009009,0.2941176470588235,0.5395622895622896,0.9375,1.3550315906532404,1.6408563891478052,0.19830426684179686,0.7471910044822634,0.04312047399605
llama-8b,qwen3-32b,truthfulqa,cross-family,8.0,32.0,980,654,327,0.9356301845149584,0.9692412722460698,0.8802476409580189,0.0889936312880509,0.8347408093220734,0.1008893751928851,0.5035132062424185,0.4263259776863016,0.5794682684858372,0.8425076452599388,0.900611620795107,103,65,30,18,12,0.0458715596330275,0.217391304347826,0.8529711375212224,0.9343470829735874,1.5196316560121617,1.9226244327469466,0.30070595944952827,0.5091753646419724,0.1008893751928851
llama-8b,qwen3-8b,boolq,cross-family,8.0,8.0,1962,1308,475,0.8544310355721236,0.8986440892146333,0.8282454034245277,0.0703986857901056,0.776533771403298,0.0778972641688255,0.5998773030977419,0.5430269163503942,0.6640250806403813,0.7859327217125383,0.827217125382263,280,226,140,113,27,0.1070336391437308,0.3825136612021858,0.7345868843341568,0.8391189549749862,4.818871839727303,5.454175459513295,0.8181337213138242,0.5496057489720395,0.0778972641688255
llama-8b,qwen3-8b,geometry_of_truth,cross-family,8.0,8.0,3018,2012,1000,0.9984980237154152,0.9976422924901186,0.9954486166007904,0.002193675889328,0.9966916996047432,0.0018063241106719,0.8891888899842526,0.8278566265564234,0.9073184802794156,0.985089463220676,0.9796222664015904,30,41,25,18,7,0.0124254473161033,0.5434782608695652,0.9730482236329212,0.9535149680457452,6.359794281194016,6.762028582897852,1.1452838546135757,0.6341965399577695,0.002193675889328
llama-8b,qwen3-8b,imdb,cross-family,8.0,8.0,3000,2000,1018,0.9719108991313186,0.9709705944726092,0.9645014984855094,0.0064690959870997,0.9530497881313548,0.0188611109999639,0.6099297822415837,0.7030563045538131,0.7524854067552869,0.918,0.9185,164,163,110,71,39,0.055,0.5069124423963134,0.8628198149156233,0.8582483128752856,6.216077909310311,7.216175682622344,1.3240214163285409,0.7812558385793951,0.0188611109999639
llama-8b,qwen3-8b,rte,cross-family,8.0,8.0,166,111,62,0.8127057274522712,0.933838051349572,0.93449637919684,-0.0006583278472679,0.7860434496379197,0.0266622778143514,0.69455400837532,0.2032432586797298,0.4231817609120289,0.7117117117117117,0.8198198198198198,32,20,14,13,1,0.1261261261261261,0.3684210526315789,0.6423076923076924,0.899129746835443,4.2944212642494906,4.758836267690516,1.0344525842095151,0.6382172700739681,0.0266622778143514
llama-8b,qwen3-8b,truthfulqa,cross-family,8.0,8.0,980,654,327,0.9356301845149584,0.9380804084953568,0.8542116731663066,0.08386873532905,0.8451589372387286,0.0904712472762299,0.4895280969765285,0.3434506577105133,0.5644396112538319,0.8425076452599388,0.8547400611620795,103,95,51,24,27,0.0779816513761468,0.3469387755102041,0.8587515299877602,0.8756541504413863,4.270630920084699,4.97006148063024,1.4597648241471888,0.4155155268659948,0.0904712472762299
llama-8b,qwen3-8b-base,boolq,cross-family,8.0,8.0,1962,1308,475,0.8544310355721236,0.8936298730018324,0.6970847286282934,0.1965451443735389,0.7597927592089467,0.0946382763631769,0.142693798161848,0.5038119805613444,0.6617835017060261,0.7859327217125383,0.8226299694189603,280,232,143,115,28,0.1093272171253822,0.3875338753387534,0.7426211383156005,0.8299089772095609,2.773246366551163,3.1802394505811473,0.5420066748676151,0.4665125853357861,0.1965451443735389
llama-8b,qwen3-8b-base,geometry_of_truth,cross-family,8.0,8.0,3018,2012,1000,0.9984980237154152,0.99825790513834,0.9970859683794469,0.0011719367588931,0.9959713438735178,0.0025266798418972,0.8072470723604471,0.8450255871016202,0.9091265475723748,0.985089463220676,0.978131212723658,30,44,24,18,6,0.0119284294234592,0.48,0.976140983000739,0.958728557013118,6.058039310039663,6.985746251498857,1.0962867687220965,0.6280101952610745,0.0025266798418972
llama-8b,qwen3-8b-base,imdb,cross-family,8.0,8.0,3000,2000,1018,0.9719108991313186,0.9755150668816696,0.9690779812659304,0.0064370856157394,0.9505899911571348,0.0213209079741836,0.5538089334653785,0.7263638685276282,0.7697590315637114,0.918,0.929,164,142,111,78,33,0.0555,0.5692307692307692,0.8388127473127245,0.8757704979010574,5.197015624085816,5.45515456280648,1.2436843608714754,0.7164245321788913,0.0213209079741836
llama-8b,qwen3-8b-base,rte,cross-family,8.0,8.0,166,111,62,0.8127057274522712,0.9157340355497038,0.9364713627386438,-0.02073732718894,0.7840684660961158,0.0286372613561554,0.5036822230595287,0.2151901419996452,0.4196205007578855,0.7117117117117117,0.8018018018018018,32,22,17,16,1,0.1531531531531531,0.4594594594594595,0.6384065372829417,0.8742088607594938,5.23493909884227,6.047253755716379,1.322946470554093,0.7230293016657315,0.0286372613561554
llama-8b,qwen3-8b-base,truthfulqa,cross-family,8.0,8.0,980,654,327,0.9356301845149584,0.9195073366439414,0.8210681854314544,0.0984391512124869,0.8479364812165081,0.0876937032984503,0.4115134461180844,0.3677449187035411,0.5668391429842541,0.8425076452599388,0.827217125382263,103,113,50,18,32,0.0764525993883792,0.3012048192771084,0.8796885479201085,0.8441492079713847,3.945279038849777,4.426307836379624,1.279891102304886,0.4441927854162228,0.0984391512124869
llama-8b,qwen38-27b,boolq,cross-family,8.0,27.0,1962,1308,475,0.8544310355721236,0.9392279016869906,0.7769330890250837,0.1622948126619068,0.7947835976495862,0.0596474379225374,0.9344339063938496,0.6456573470000779,0.6994654379120977,0.7859327217125383,0.8914373088685015,280,142,95,77,18,0.0726299694189602,0.290519877675841,0.6736887879593167,0.9038354641467482,1.0450496966776863,1.3013572786448933,0.13092351774585162,0.3783841441068461,0.1622948126619068
llama-8b,qwen38-27b,geometry_of_truth,cross-family,8.0,27.0,3018,2012,1000,0.9984980237154152,0.9983764822134388,0.9965474308300396,0.0018290513833991,0.9961274703557312,0.0023705533596838,0.9559949081208062,0.8834592182723996,0.9130994362777902,0.985089463220676,0.9826043737574552,30,35,20,16,4,0.0099403578528827,0.4444444444444444,0.9720210997904472,0.97238479650185,3.1299492115736243,3.7511051378474596,0.980903269584761,0.6671577994371196,0.0023705533596838
llama-8b,qwen38-27b,rte,cross-family,8.0,27.0,166,111,62,0.8127057274522712,0.967083607636603,0.95523370638578,0.0118499012508228,0.7649769585253456,0.0477287689269255,0.9438163248660408,0.4035692649639868,0.4523862584243187,0.7117117117117117,0.8558558558558559,32,16,12,11,1,0.1081081081081081,0.3333333333333333,0.5914473684210526,0.9477848101265822,1.5256374162564639,1.9262207651751047,0.2752581923593926,0.06671161849311631,0.0477287689269255
llama-8b,qwen38-27b,truthfulqa,cross-family,8.0,27.0,980,654,327,0.9356301845149584,0.9541471443668228,0.874047265007622,0.0800998793592008,0.8310187133518502,0.1046114711631083,0.886139494424209,0.5064214172453088,0.5938352481064584,0.8425076452599388,0.8776758409785933,103,80,31,17,14,0.0474006116207951,0.2039473684210526,0.8761977351916377,0.9122337145172944,1.827785533710384,2.277706851122558,0.3957904870353345,0.15791784942272086,0.1046114711631083
olmo3-7b,qwen3-1.7b,boolq,cross-family,7.0,1.7,1962,1308,475,0.8341062740885827,0.8171352751626967,0.5282744676818095,0.2888608074808871,0.5574979465470399,0.2766083275415428,0.7148079738587307,0.5965190141948578,0.4194464080628435,0.7576452599388379,0.7477064220183486,317,330,194,166,28,0.1483180428134556,0.4282560706401766,0.7721323666108943,0.7397333095652672,1.9998109600503886,2.4938952313803453,0.254253814547522,0.20211657621029652,0.2888608074808871
olmo3-7b,qwen3-1.7b,geometry_of_truth,cross-family,7.0,1.7,3018,2012,1000,0.9942687747035572,0.9934357707509882,0.9874930830039526,0.0059426877470356,0.9891798418972332,0.005088932806324,0.8985906284434606,0.8457568998793634,0.7946913799030713,0.9602385685884692,0.9587475149105368,80,83,34,26,8,0.0168986083499005,0.2635658914728682,0.9586776343320405,0.9580615942028984,5.353550573039955,5.915771887021039,1.9382011554179701,0.5146683588336913,0.0059426877470356
olmo3-7b,qwen3-1.7b,imdb,cross-family,7.0,1.7,3000,2000,1018,0.9686388389838309,0.9536549842148856,0.8350845673998376,0.1185704168150479,0.9512922186788518,0.017346620304979,0.7072281497700239,0.6210539821606982,0.5371722936805994,0.9135,0.8855,173,229,127,80,47,0.0635,0.4618181818181818,0.8988334619623779,0.7980833420339102,2.5508945333033797,3.0543369508990565,0.5888487706563165,0.4573662966734659,0.1185704168150479
olmo3-7b,qwen3-1.7b,rte,cross-family,7.0,1.7,166,111,62,0.8581303489137591,0.8772218564845293,0.8235681369321921,0.0536537195523372,0.8551678736010534,0.0029624753127056,0.6428739572183384,0.2889752690619473,0.1342595328408447,0.7387387387387387,0.6936936936936937,29,34,16,13,3,0.1441441441441441,0.3404255319148936,0.7906799083269671,0.714465937762826,2.045662205141802,2.5902647770888816,0.31665292175382087,0.35767905388369214,0.0536537195523372
olmo3-7b,qwen3-1.7b,truthfulqa,cross-family,7.0,1.7,980,654,327,0.8972495768220035,0.8749731130002151,0.7622721619018227,0.1127009510983924,0.7872981137016151,0.1099514631203883,0.6362274112254392,0.3897780538448715,0.2224076985014531,0.7981651376146789,0.8012232415902141,132,130,66,28,38,0.1009174311926605,0.336734693877551,0.8306224310041104,0.7876320678044817,4.00196507312312,4.483726190571101,1.3822943563817134,0.17725890815734205,0.1127009510983924
olmo3-7b,qwen3-32b,boolq,cross-family,7.0,32.0,1962,1308,475,0.8341062740885827,0.9175105831806406,0.6879560245150691,0.2295545586655715,0.4963770771466481,0.3377291969419346,0.5739254876839196,0.5396064438389885,0.4706562378298214,0.7576452599388379,0.8707951070336392,317,169,106,90,16,0.0810397553516819,0.2789473684210526,0.6871853749006448,0.889300232056967,2.683075608417893,3.4980698465519717,0.7792890472793798,0.35300192007336206,0.3377291969419346
olmo3-7b,qwen3-32b,geometry_of_truth,cross-family,7.0,32.0,3018,2012,1000,0.9942687747035572,0.999120553359684,0.9978794466403162,0.0012411067193676,0.9904881422924904,0.0037806324110669,0.8440701803637325,0.804117305266955,0.8238402386842005,0.9602385685884692,0.9870775347912524,80,26,18,13,5,0.0089463220675944,0.2045454545454545,0.9355101092261212,0.9935235507246376,2.298390907179527,2.636798877610838,0.31112587152730825,0.8058960575737323,0.0037806324110669
olmo3-7b,qwen3-32b,imdb,cross-family,7.0,32.0,3000,2000,1018,0.9686388389838309,0.9749198740391888,0.9670283171747648,0.0078915568644238,0.9468307731705072,0.0218080658133236,0.4746051669807691,0.6610638985167965,0.5967986837133112,0.9135,0.928,173,144,105,69,36,0.0525,0.4952830188679245,0.8366446659482759,0.883440745908356,2.141549216270447,2.50132512937835,0.3858087291589395,0.7789884863216657,0.0218080658133236
olmo3-7b,qwen3-32b,rte,cross-family,7.0,32.0,166,111,62,0.8581303489137591,0.9634628044766294,0.9519420671494404,0.011520737327189,0.8489137590520079,0.0092165898617511,0.5553562077584476,0.315869772870617,0.1745602682103322,0.7387387387387387,0.8918918918918919,29,12,11,9,2,0.0990990990990991,0.3666666666666666,0.5816498316498316,0.9348191757779646,2.4224390540312326,2.869968549104957,0.25507371004532026,0.6280604243414658,0.011520737327189
olmo3-7b,qwen3-32b,truthfulqa,cross-family,7.0,32.0,980,654,327,0.8972495768220035,0.9692412722460698,0.9062929607496564,0.0629483114964133,0.8239673054082616,0.0732822714137418,0.3780722485408862,0.396279107602154,0.3198510188098448,0.7981651376146789,0.900611620795107,132,65,32,16,16,0.0489296636085626,0.1939393939393939,0.811231552827478,0.9493643329850228,1.872169529793458,2.379238171876859,0.42119056110802117,0.2743826435583834,0.0732822714137418
olmo3-7b,qwen3-8b,boolq,cross-family,7.0,8.0,1962,1308,475,0.8341062740885827,0.8986440892146333,0.7041005876034624,0.1945435016111709,0.6115094458836166,0.2225968282049661,0.5775004510406001,0.4847461203817557,0.4456814705276702,0.7576452599388379,0.827217125382263,317,226,138,119,19,0.1055045871559633,0.3407407407407407,0.7225434707931886,0.8595116299057448,3.891303211614647,4.525261779102661,0.435391636393872,0.27811862099039747,0.2225968282049661
olmo3-7b,qwen3-8b,geometry_of_truth,cross-family,7.0,8.0,3018,2012,1000,0.9942687747035572,0.9976422924901186,0.9950009881422924,0.002641304347826,0.9894782608695654,0.0047905138339918,0.8653402026881076,0.8110801633295133,0.8234531516730262,0.9602385685884692,0.9796222664015904,80,41,27,19,8,0.0134194831013916,0.2872340425531915,0.9354419571592976,0.9839156314699794,6.465886634637636,6.984825453658979,1.2199718015330656,0.6166411895533412,0.0047905138339918
olmo3-7b,qwen3-8b,imdb,cross-family,7.0,8.0,3000,2000,1018,0.9686388389838309,0.9709705944726092,0.9641903976888512,0.0067801967837578,0.9412749730912816,0.0273638658925493,0.6240341554862884,0.6348660141215922,0.5896537957908036,0.9135,0.9185,173,163,114,69,45,0.057,0.5135135135135135,0.8523866934285361,0.8657643377595539,3.8836115022966275,4.751762094729299,0.1669143687543564,0.7902353758905032,0.0273638658925493
olmo3-7b,qwen3-8b,rte,cross-family,7.0,8.0,166,111,62,0.8581303489137591,0.933838051349572,0.937129690585912,-0.0032916392363397,0.8528637261356156,0.0052666227781434,0.5671341684327251,0.2202387002063637,0.1867005796998185,0.7387387387387387,0.8198198198198198,29,20,14,11,3,0.1261261261261261,0.4,0.6895604395604396,0.8910849453322119,2.13605594957778,2.695184590863148,0.27835604400079383,0.4841472108317455,0.0052666227781434
olmo3-7b,qwen3-8b,truthfulqa,cross-family,7.0,8.0,980,654,327,0.8972495768220035,0.9380804084953568,0.842895753256834,0.0951846552385227,0.8181503614547971,0.0790992153672063,0.474250613578715,0.3167967674586213,0.2994264068922089,0.7981651376146789,0.8547400611620795,132,95,58,27,31,0.0886850152905198,0.3431952662721893,0.789511345447698,0.8942296528503425,3.841954646406366,4.620005216192304,1.1734462554153684,0.19676467525542282,0.0951846552385227
olmo3-7b,qwen3-8b-base,boolq,cross-family,7.0,8.0,1962,1308,475,0.8341062740885827,0.8936298730018324,0.5589132495103304,0.334716623491502,0.5706627914323623,0.2634434826562204,0.1753758652201197,0.4514120265497752,0.4437829906452658,0.7576452599388379,0.8226299694189603,317,232,145,128,17,0.1108562691131498,0.3589108910891089,0.720861107550314,0.8516554351943517,1.877578786498545,2.390289074660732,0.2200777439253385,0.21612044067592578,0.334716623491502
olmo3-7b,qwen3-8b-base,geometry_of_truth,cross-family,7.0,8.0,3018,2012,1000,0.9942687747035572,0.99825790513834,0.9965701581027668,0.0016877470355731,0.989998023715415,0.0042707509881422,0.758875319320054,0.830230387320681,0.8270282743616202,0.9602385685884692,0.978131212723658,80,44,31,22,9,0.0154075546719681,0.3333333333333333,0.9342779933481152,0.985371376811594,6.174919280908842,7.114519311703047,1.10358982777312,0.6987363759329216,0.0042707509881422
olmo3-7b,qwen3-8b-base,imdb,cross-family,7.0,8.0,3000,2000,1018,0.9686388389838309,0.9755150668816696,0.9661220235356256,0.0093930433460441,0.937913884098448,0.0307249548853829,0.572022575625159,0.660427548996851,0.6130175240622008,0.9135,0.929,173,142,115,78,37,0.0575,0.575,0.8258653102685002,0.8822796143904376,2.353391406261923,2.768027883362038,0.15006480247080406,0.7855634048112047,0.0307249548853829
olmo3-7b,qwen3-8b-base,rte,cross-family,7.0,8.0,166,111,62,0.8581303489137591,0.9157340355497038,0.933838051349572,-0.0181040157998682,0.8531928900592495,0.0049374588545095,0.4263454934553666,0.2392608181174359,0.1883477491871626,0.7387387387387387,0.8018018018018018,29,22,16,13,3,0.1441441441441441,0.4571428571428571,0.686414708886619,0.8654331370899915,3.052106859451561,3.495483202281097,0.2760555131122736,0.6556031240319408,0.0049374588545095
olmo3-7b,qwen3-8b-base,truthfulqa,cross-family,7.0,8.0,980,654,327,0.8972495768220035,0.9195073366439414,0.8385938332912493,0.0809135033526921,0.812090265503278,0.0851593113187254,0.3825350443860831,0.3564806083649071,0.3215475701480238,0.7981651376146789,0.827217125382263,132,113,62,26,36,0.0948012232415902,0.3387978142076502,0.8227471251206385,0.8683095321026355,3.291290550475606,3.942983768249697,0.9281446721614854,0.2750631884660882,0.0851593113187254
olmo3-7b,qwen38-27b,boolq,cross-family,7.0,27.0,1962,1308,475,0.8341062740885827,0.9392279016869906,0.6755392683389145,0.263688633348076,0.5730536425096354,0.2610526315789473,0.8548232461156507,0.5835429908562979,0.4775593906229722,0.7576452599388379,0.8914373088685015,317,142,88,74,14,0.0672782874617737,0.2371967654986523,0.6742081994540139,0.9162939642906028,1.9728835242603897,2.3471458394710103,0.17767225650981677,0.30081879183043764,0.263688633348076
olmo3-7b,qwen38-27b,geometry_of_truth,cross-family,7.0,27.0,3018,2012,1000,0.9942687747035572,0.9983764822134388,0.996554347826087,0.0018221343873516,0.990282608695652,0.0039861660079051,0.9604455996733654,0.8656211455024846,0.8275386905531716,0.9602385685884692,0.9826043737574552,80,35,26,21,5,0.0129224652087475,0.2921348314606741,0.9445191126526484,0.9905473602484473,3.284538089020352,4.029451227409218,0.9760213522338634,0.5458322341985891,0.0039861660079051
olmo3-7b,qwen38-27b,rte,cross-family,7.0,27.0,166,111,62,0.8581303489137591,0.967083607636603,0.9608294930875576,0.0062541145490453,0.8584595128373931,-0.000329163923634,0.7884280101136392,0.3756904053388931,0.1689501791150347,0.7387387387387387,0.8558558558558559,29,16,12,10,2,0.1081081081081081,0.3636363636363636,0.6256578947368422,0.9440706476030278,3.0952729851760568,3.7026542008302106,0.33840866331869873,0.27711107393225565,0.0062541145490453
olmo3-7b,qwen38-27b,truthfulqa,cross-family,7.0,27.0,980,654,327,0.8972495768220035,0.9541471443668228,0.8767499929860001,0.0773971513808227,0.8157281934741746,0.0815213833478288,0.7720825178814413,0.4651832238932214,0.3201446896985473,0.7981651376146789,0.8776758409785933,132,80,35,16,19,0.0535168195718654,0.1977401129943503,0.8251088850174215,0.930062115406943,1.7153601296236933,2.1616712669878715,0.3157579381214078,0.08434682844252918,0.0815213833478288
qwen3-1.7b,qwen3-32b,boolq,same-family,1.7,32.0,1962,1308,475,0.8171352751626967,0.9175105831806406,0.8717103683578695,0.045800214822771,0.6900284324256019,0.1271068427370948,0.6371198599620823,0.517798569526098,0.6189728311562156,0.7477064220183486,0.8707951070336392,330,169,107,87,20,0.0818042813455657,0.2729591836734694,0.6670961239746274,0.8882103240998946,3.7701476483443472,4.62033099929491,1.0071065347047556,0.27658737180164555,0.1271068427370948
qwen3-1.7b,qwen3-32b,geometry_of_truth,same-family,1.7,32.0,3018,2012,1000,0.9934357707509882,0.999120553359684,0.9975711462450592,0.0015494071146245,0.9879209486166008,0.0055148221343874,0.8356244298543037,0.7704508916305141,0.8530892333400566,0.9587475149105368,0.9870775347912524,83,26,18,12,6,0.0089463220675944,0.1978021978021978,0.939751336277016,0.993254511045738,3.3690373372368025,4.01322412171725,0.5087072544737055,0.4623163595603264,0.0055148221343874
qwen3-1.7b,qwen3-32b,imdb,same-family,1.7,32.0,3000,2000,1018,0.9536549842148856,0.9749198740391888,0.9706224816840656,0.0042973923551229,0.9284338125552678,0.0252211716596177,0.4990880770698953,0.6200558293186487,0.6410360494213527,0.8855,0.928,229,144,108,62,46,0.054,0.4075471698113208,0.7817513769157088,0.9193163016971636,4.564390627792477,4.977182536634433,1.0632558467402882,0.5362514782833225,0.0252211716596177
qwen3-1.7b,qwen3-32b,rte,same-family,1.7,32.0,166,111,62,0.8772218564845293,0.9634628044766294,0.956550362080316,0.0069124423963133,0.8196181698485846,0.0576036866359447,0.6241110451987061,0.2861458381418635,0.2865979764469148,0.6936936936936937,0.8918918918918919,34,12,10,8,2,0.09009009009009,0.2777777777777778,0.5185185185185185,0.9461420932009168,2.103339345016204,2.5373869332715384,0.3943664075114115,0.5186734976297519,0.0576036866359447
qwen3-1.7b,qwen3-32b,truthfulqa,same-family,1.7,32.0,980,654,327,0.8749731130002151,0.9692412722460698,0.8719617690243058,0.097279503221764,0.7446436420428508,0.1303294709573642,0.3545054714740301,0.3253700462208013,0.4031967088685603,0.8012232415902141,0.900611620795107,130,65,30,17,13,0.0458715596330275,0.1818181818181818,0.7776413739062296,0.951556077510276,4.262837550175382,4.6960059606728475,0.8737254000210588,0.28223637147856323,0.1303294709573642
qwen3-1.7b,qwen3-8b,boolq,same-family,1.7,8.0,1962,1308,475,0.8171352751626967,0.8986440892146333,0.8289732735199343,0.069670815694699,0.6421355910785368,0.1749996840841599,0.784959827786507,0.4867436950937139,0.6394488605088419,0.7477064220183486,0.827217125382263,330,226,155,127,28,0.1185015290519877,0.3865336658354115,0.686527734611421,0.863757203941253,3.157423068104554,3.7289957009781634,0.24555196662431064,0.22734044706737153,0.1749996840841599
qwen3-1.7b,qwen3-8b,geometry_of_truth,same-family,1.7,8.0,3018,2012,1000,0.9934357707509882,0.9976422924901186,0.9958191699604744,0.0018231225296442,0.9862332015810276,0.0072025691699606,0.9275813954740242,0.7988969238891813,0.867243774330553,0.9587475149105368,0.9796222664015904,83,41,26,17,9,0.0129224652087475,0.2653061224489796,0.9356523245597752,0.983179998376086,3.8370013566563244,4.244640999179277,0.13665128678754973,0.28609479915251873,0.0072025691699606
qwen3-1.7b,qwen3-8b,imdb,same-family,1.7,8.0,3000,2000,1018,0.9536549842148856,0.9709705944726092,0.9652737486945772,0.0056968457780319,0.878352586237941,0.0753023979769446,0.7885623643251519,0.6322000573864841,0.6804842797631832,0.8855,0.9185,229,163,121,65,56,0.0605,0.4464944649446494,0.7948408815386517,0.907066542722514,4.250523218325675,4.597868398438015,0.3792052387551969,0.456977681605231,0.0753023979769446
qwen3-1.7b,qwen3-8b,rte,same-family,1.7,8.0,166,111,62,0.8772218564845293,0.933838051349572,0.9321922317314022,0.0016458196181698,0.8179723502304148,0.0592495062541145,0.7883785934096338,0.2110427526290081,0.3254930729261632,0.6936936936936937,0.8198198198198198,34,20,15,13,2,0.1351351351351351,0.3846153846153846,0.6675824175824175,0.906035141329259,2.4292926562391846,2.852158130899633,0.17199636321431996,0.4367392880661349,0.0592495062541145
qwen3-1.7b,qwen3-8b,truthfulqa,same-family,1.7,8.0,980,654,327,0.8749731130002151,0.9380804084953568,0.8418202732654378,0.0962601352299188,0.748057122015543,0.1269159909846721,0.6416273568819773,0.2742183514688128,0.425498166457638,0.8012232415902141,0.8547400611620795,130,95,50,21,29,0.0764525993883792,0.2857142857142857,0.7600979192166464,0.8951262477980036,2.670612746318447,3.3611017658814593,0.3765371208768464,0.31220307541039855,0.1269159909846721
qwen3-1.7b,qwen3-8b-base,boolq,same-family,1.7,8.0,1962,1308,475,0.8171352751626967,0.8936298730018324,0.6910696910343084,0.202560181967524,0.5807544070259683,0.2363808681367284,0.1977752525999396,0.430276401715717,0.6207525169378791,0.7477064220183486,0.8226299694189603,330,232,161,132,29,0.1230886850152905,0.4014962593516209,0.6908369119343675,0.8526089111978683,1.4850630725833625,1.870694757172972,0.047843304233315086,0.22349483575173054,0.2363808681367284
qwen3-1.7b,qwen3-8b-base,geometry_of_truth,same-family,1.7,8.0,3018,2012,1000,0.9934357707509882,0.99825790513834,0.996697628458498,0.0015602766798418,0.987185770750988,0.00625,0.7949189588538178,0.8128190934067365,0.8646574764256512,0.9587475149105368,0.978131212723658,83,44,27,18,9,0.0134194831013916,0.27,0.9405834257206208,0.9856346068566646,4.3116815196426534,4.716977439701392,0.3295006406696872,0.6964199805582829,0.00625
qwen3-1.7b,qwen3-8b-base,imdb,same-family,1.7,8.0,3000,2000,1018,0.9536549842148856,0.9755150668816696,0.9686448409284608,0.0068702259532087,0.865362377410281,0.0882926068046046,0.7558986849260422,0.6230884319006194,0.6715253304271955,0.8855,0.929,229,142,109,70,39,0.0545,0.416030534351145,0.7744280537909913,0.9185790476848004,2.192364056387545,2.6078261376697482,0.15017456549997896,0.3754105114243043,0.0882926068046046
qwen3-1.7b,qwen3-8b-base,rte,same-family,1.7,8.0,166,111,62,0.8772218564845293,0.9157340355497038,0.9427254772876892,-0.0269914417379855,0.8344305464121132,0.0427913100724161,0.5865063876784669,0.2148003970815843,0.3097657012054842,0.6936936936936937,0.8018018018018018,34,22,14,13,1,0.1261261261261261,0.3333333333333333,0.6664964249233911,0.8789152024446141,3.983641713965201,4.3987890518775155,0.3872722544016027,0.4942925246823839,0.0427913100724161
qwen3-1.7b,qwen3-8b-base,truthfulqa,same-family,1.7,8.0,980,654,327,0.8749731130002151,0.9195073366439414,0.8267354973861161,0.0927718392578252,0.7561091939511265,0.1188639190490885,0.5359598202962942,0.2940182864468305,0.4226508148146324,0.8012232415902141,0.827217125382263,130,113,50,20,30,0.0764525993883792,0.2590673575129533,0.7963293147727086,0.8718731650029361,2.236115360949442,2.8007458912234684,0.1873111516670967,0.2706201155829341,0.1188639190490885
qwen3-1.7b,qwen38-27b,boolq,same-family,1.7,27.0,1962,1308,475,0.8171352751626967,0.9392279016869906,0.7899564036140773,0.1492714980729133,0.6600012636633601,0.1571340114993366,0.849238393335578,0.5658357989006113,0.6387243561808409,0.7477064220183486,0.8914373088685015,330,142,89,74,15,0.0680428134556574,0.2323759791122715,0.6484429734496171,0.9183739232818988,3.3243119269427184,3.626007044586482,0.2595129729682535,0.23578221183640768,0.1571340114993366
qwen3-1.7b,qwen38-27b,geometry_of_truth,same-family,1.7,27.0,3018,2012,1000,0.9934357707509882,0.9983764822134388,0.9962391304347826,0.002137351778656,0.9880652173913044,0.0053705533596837,0.9467430320016028,0.8518981638150634,0.8626242728575451,0.9587475149105368,0.9826043737574552,83,35,23,18,5,0.0114314115308151,0.2421052631578947,0.9326685454151312,0.9858844397808963,2.154810976792519,2.338365619564198,0.040210651059973526,0.39728153900269336,0.0053705533596837
qwen3-1.7b,qwen38-27b,rte,same-family,1.7,27.0,166,111,62,0.8772218564845293,0.967083607636603,0.9595128373930216,0.0075707702435812,0.8196181698485845,0.0576036866359448,0.8305005381102802,0.368453455041422,0.3084541251026987,0.6936936936936937,0.8558558558558559,34,16,13,11,2,0.1171171171171171,0.3513513513513513,0.594078947368421,0.9484339190221542,2.5775327024046697,2.8612684722776542,0.36081546397569264,0.04579872122983351,0.0576036866359448
qwen3-1.7b,qwen38-27b,truthfulqa,same-family,1.7,27.0,980,654,327,0.8749731130002151,0.9541471443668228,0.8557828091537376,0.0983643352130851,0.768949489848404,0.106023623151811,0.7338356304881501,0.4169549263637507,0.4219478119749967,0.8012232415902141,0.8776758409785933,130,80,38,18,20,0.0581039755351682,0.2209302325581395,0.7831445993031358,0.9292425132119788,3.6374120234239373,3.9463268319730744,0.3754058114090095,0.04821159806139303,0.106023623151811
qwen3-32b,qwen3-8b,boolq,same-family,32.0,8.0,1962,1308,475,0.9175105831806406,0.8986440892146333,0.7624009603841536,0.1362431288304797,0.8617552284071526,0.055755354773488,0.5804108288804616,0.5427612178428611,0.5690551690132852,0.8707951070336392,0.827217125382263,169,226,113,87,26,0.0863914373088685,0.400709219858156,0.8345369931133757,0.7513909741234656,4.986663792685651,5.481284718064293,0.990858500717545,0.5762083866943012,0.1362431288304797
qwen3-32b,qwen3-8b,geometry_of_truth,same-family,32.0,8.0,3018,2012,1000,0.999120553359684,0.9976422924901186,0.996056324110672,0.0015859683794466,0.9980256916996048,0.0010948616600791,0.7936864062452902,0.8315351770698379,0.8145158952302185,0.9870775347912524,0.9796222664015904,26,41,19,12,7,0.0094433399602385,0.3958333333333333,0.9862889953100444,0.9576845611588812,4.527189907747618,5.103438362405914,0.4318646779109222,0.652522335513016,0.0015859683794466
qwen3-32b,qwen3-8b,imdb,same-family,32.0,8.0,3000,2000,1018,0.9749198740391888,0.9709705944726092,0.9653277661962474,0.0056428282763617,0.9696171559585304,0.0053027180806581,0.3812452012350225,0.6813320767437605,0.7010973664845173,0.928,0.9185,144,163,121,66,55,0.0605,0.6505376344086021,0.877631240586312,0.8340779154693487,5.344773223621547,6.083674951283045,0.692804049728335,0.7624520669208805,0.0056428282763617
qwen3-32b,qwen3-8b,rte,same-family,32.0,8.0,166,111,62,0.9634628044766294,0.933838051349572,0.9252797893350888,0.0085582620144831,0.9506254114549044,0.0128373930217249,0.5247642508859872,0.2289310050583216,0.3390578984341609,0.8918918918918919,0.8198198198198198,12,20,9,7,2,0.081081081081081,0.391304347826087,0.921978021978022,0.7550505050505051,3.268135154505494,3.6752489532752164,0.43263647707334435,0.7513501312121692,0.0128373930217249
qwen3-32b,qwen3-8b,truthfulqa,same-family,32.0,8.0,980,654,327,0.9692412722460698,0.9380804084953568,0.8276706973786343,0.1104097111167223,0.8902823368777413,0.0789589353683285,0.2646642676285634,0.3552898945407515,0.4171249806878137,0.900611620795107,0.8547400611620795,65,95,31,17,14,0.0474006116207951,0.2403100775193798,0.936842105263158,0.8479038788037091,3.5570924456346398,4.192609852649443,0.8396774541160842,0.5688084162392417,0.1104097111167223
qwen3-32b,qwen3-8b-base,boolq,same-family,32.0,8.0,1962,1308,475,0.9175105831806406,0.8936298730018324,0.6913072597460037,0.2023226132558286,0.8009654388071018,0.1165451443735388,0.3045303791786564,0.5260714905616933,0.5705010298689401,0.8707951070336392,0.8226299694189603,169,232,116,90,26,0.0886850152905198,0.4070175438596491,0.8410380079476991,0.7519676244603644,3.282609420531751,4.046386364418119,0.9241201902752161,0.4718054814250103,0.2023226132558286
qwen3-32b,qwen3-8b-base,geometry_of_truth,same-family,32.0,8.0,3018,2012,1000,0.999120553359684,0.99825790513834,0.9971758893280632,0.0010820158102766,0.998147233201581,0.0009733201581028,0.6900836655609383,0.8458960552649911,0.8143092529114156,0.9870775347912524,0.978131212723658,26,44,19,13,6,0.0094433399602385,0.3725490196078431,0.9878626201034736,0.9661089162599736,4.6361518849982035,5.3801809482070535,0.4714365769343996,0.530737982759231,0.0010820158102766
qwen3-32b,qwen3-8b-base,imdb,same-family,32.0,8.0,3000,2000,1018,0.9749198740391888,0.9755150668816696,0.9650216670201144,0.0104933998615551,0.9700142846282196,0.004905589410969,0.4133167428486034,0.7048071454055758,0.7187060462957127,0.928,0.929,144,142,104,67,37,0.052,0.5714285714285714,0.8545801179520611,0.8582188397988507,4.29837656155825,4.525388461293881,0.8388218332529334,0.6856837305723238,0.0104933998615551
qwen3-32b,qwen3-8b-base,rte,same-family,32.0,8.0,166,111,62,0.9634628044766294,0.9157340355497038,0.934825543120474,-0.0190915075707701,0.9476629361421988,0.0157998683344305,0.433236728323348,0.2491217512286893,0.3401766194488501,0.8918918918918919,0.8018018018018018,12,22,9,8,1,0.081081081081081,0.36,0.8998978549540348,0.7255892255892256,4.320904789848841,5.021225907144412,0.5226794875033565,0.8168482387073561,0.0157998683344305
qwen3-32b,qwen3-8b-base,truthfulqa,same-family,32.0,8.0,980,654,327,0.9692412722460698,0.9195073366439414,0.8414087852687298,0.0780985513752116,0.9048153447614772,0.0644259274845926,0.292878544353857,0.3881766373080627,0.4292372124708026,0.900611620795107,0.827217125382263,65,113,33,20,13,0.0504587155963302,0.2275862068965517,0.9428132105409518,0.8238474598406686,3.264051990161766,3.830509259844425,0.855437429015706,0.5222323576203327,0.0780985513752116
qwen3-32b,qwen38-27b,boolq,same-family,32.0,27.0,1962,1308,475,0.9175105831806406,0.9392279016869906,0.7937928855752827,0.1454350161117078,0.8531850634990837,0.0643255196815568,0.7004581308786804,0.6354331136478264,0.6005436121303522,0.8707951070336392,0.8914373088685015,169,142,94,70,24,0.0718654434250764,0.4331797235023041,0.7414357500060397,0.8323557984529146,2.181228497761105,2.642029311947141,0.30452285188596107,0.6246181953775358,0.1454350161117078
qwen3-32b,qwen38-27b,geometry_of_truth,same-family,32.0,27.0,3018,2012,1000,0.999120553359684,0.9983764822134388,0.9967934782608696,0.0015830039525691,0.9978745059288536,0.0012460474308301,0.8754451240697517,0.8779413626148241,0.809062202560906,0.9870775347912524,0.9826043737574552,26,35,19,14,5,0.0094433399602385,0.4523809523809524,0.9848110412602068,0.9677163219459292,1.81809378860011,2.2854841465309357,0.44362866313285704,0.6654669477340012,0.0015830039525691
qwen3-32b,qwen38-27b,rte,same-family,32.0,27.0,166,111,62,0.9634628044766294,0.967083607636603,0.95852534562212,0.008558262014483,0.9611586570111916,0.0023041474654377,0.7047644813387082,0.4054316782640184,0.3511054121478043,0.8918918918918919,0.8558558558558559,12,16,8,7,1,0.072072072072072,0.4,0.868421052631579,0.8493265993265994,1.6511168759652424,2.0682221971067283,0.2854298675790806,0.06137563979036696,0.008558262014483
qwen3-32b,qwen38-27b,truthfulqa,same-family,32.0,27.0,980,654,327,0.9692412722460698,0.9541471443668228,0.8808461689532306,0.0733009754135921,0.903842736769258,0.0653985354768117,0.5749037302976475,0.5038382855187689,0.440902592044685,0.900611620795107,0.8776758409785933,65,80,25,14,11,0.0382262996941896,0.2083333333333333,0.9357578397212544,0.8947629619955596,1.6335822741798556,2.0598526959088104,0.31282212847346236,0.16618669872264893,0.0733009754135921
qwen3-8b,qwen3-8b-base,boolq,same-family,8.0,8.0,1962,1308,475,0.8986440892146333,0.8936298730018324,0.7729146395400266,0.1207152334618058,0.8801819675238515,0.0184621216907818,0.4596236157769611,0.7184744262630601,0.7396914666159344,0.827217125382263,0.8226299694189603,226,232,149,116,33,0.113914373088685,0.4822006472491909,0.8049208434816048,0.787749660576121,3.0497682534409067,3.5730104100377953,0.18404378431392016,0.5299671632431687,0.1207152334618058
qwen3-8b,qwen3-8b-base,geometry_of_truth,same-family,8.0,8.0,3018,2012,1000,0.9976422924901186,0.99825790513834,0.9969624505928854,0.0012954545454545,0.9959664031620552,0.0016758893280632,0.880212718937976,0.9023709875008974,0.8906972852952512,0.9796222664015904,0.978131212723658,41,44,33,23,10,0.0164015904572564,0.6346153846153846,0.9670408351810792,0.9677642895150412,2.3034879267542805,2.7187397521612273,0.2517787215042857,0.3636505259810447,0.0016758893280632
qwen3-8b,qwen3-8b-base,imdb,same-family,8.0,8.0,3000,2000,1018,0.9709705944726092,0.9755150668816696,0.9650016605380144,0.0105134063436553,0.9640493519900448,0.0069212424825643,0.8513674997347099,0.8465267587619727,0.8402414151932316,0.9185,0.929,163,142,111,68,43,0.0555,0.5721649484536082,0.8331387680225595,0.8756274400446179,2.3579060338684896,2.7849695315163396,0.13219930096512125,0.8231040689325532,0.0105134063436553
qwen3-8b,qwen3-8b-base,rte,same-family,8.0,8.0,166,111,62,0.933838051349572,0.9157340355497038,0.9407504937458854,-0.0250164581961815,0.935154707044108,-0.0013166556945358,0.7175905473835169,0.3170338889197487,0.2966839491408943,0.8198198198198198,0.8018018018018018,20,22,14,12,2,0.1261261261261261,0.5,0.8462717058222676,0.8252747252747252,1.8883968847753043,2.253471452784692,0.14076449792185858,0.7915344791006625,-0.0013166556945358
qwen3-8b,qwen3-8b-base,truthfulqa,same-family,8.0,8.0,980,654,327,0.9380804084953568,0.9195073366439414,0.8585697051314423,0.060937631512499,0.843354001253168,0.0947264072421887,0.6482278662210675,0.5198347494012434,0.4982880242805179,0.8547400611620795,0.827217125382263,95,113,56,25,31,0.0856269113149847,0.3684210526315789,0.8756154613711088,0.8141041333207797,1.892919966894014,2.431924515528407,0.1843121322292671,0.6788905950354563,0.0947264072421887
qwen3-8b,qwen38-27b,boolq,same-family,8.0,27.0,1962,1308,475,0.8986440892146333,0.9392279016869906,0.8164225690276111,0.1228053326593794,0.8288848170847285,0.0697592721299048,0.6636535438356944,0.6110980209963883,0.5457940101331371,0.827217125382263,0.8914373088685015,226,142,100,72,28,0.0764525993883792,0.373134328358209,0.7313011861909019,0.8717877414816875,5.034214921901735,5.74925409370682,0.2723901206452651,0.3747997163787306,0.1228053326593794
qwen3-8b,qwen38-27b,geometry_of_truth,same-family,8.0,27.0,3018,2012,1000,0.9976422924901186,0.9983764822134388,0.9967272727272728,0.0016492094861659,0.9955286561264822,0.0021136363636363,0.8951538917014901,0.8820970858118132,0.8344122772356575,0.9796222664015904,0.9826043737574552,41,35,25,19,6,0.0124254473161033,0.4901960784313725,0.9706481682202472,0.979173627352712,4.258266729355432,5.1042219294848605,0.14315662402174412,0.2927100442949384,0.0021136363636363
qwen3-8b,qwen38-27b,rte,same-family,8.0,27.0,166,111,62,0.933838051349572,0.967083607636603,0.9595128373930216,0.0075707702435812,0.9265964450296248,0.0072416063199473,0.7030143139132141,0.3999553863722751,0.2321107424338236,0.8198198198198198,0.8558558558558559,20,16,12,10,2,0.1081081081081081,0.5,0.7960526315789473,0.9236263736263736,4.125112806201407,4.878972433606072,0.4040206979367366,0.03446890350453335,0.0075707702435812
qwen3-8b,qwen38-27b,truthfulqa,same-family,8.0,27.0,980,654,327,0.9380804084953568,0.9541471443668228,0.8769276809845785,0.0772194633822442,0.82998999336008,0.1080904151352767,0.5189564870130736,0.4907865368708994,0.3582149415208761,0.8547400611620795,0.8776758409785933,95,80,33,17,16,0.0504587155963302,0.2323943661971831,0.8782665505226481,0.9125129460502778,3.6648227103610775,4.410714802823998,0.3738265389121492,0.04812224530137809,0.1080904151352767
qwen3-8b-base,qwen38-27b,boolq,same-family,8.0,27.0,1962,1308,475,0.8936298730018324,0.9392279016869906,0.7345270739874897,0.2047008276995008,0.6374170720919947,0.2562128009098376,0.1798074467287068,0.6130187697769451,0.5169037387789173,0.8226299694189603,0.8914373088685015,232,142,98,75,23,0.0749235474006116,0.3550724637681159,0.7328231826637354,0.8833362709908986,2.8435540885006616,3.2230632083503257,0.22410141972470676,0.276426893610771,0.2562128009098376
qwen3-8b-base,qwen38-27b,geometry_of_truth,same-family,8.0,27.0,3018,2012,1000,0.99825790513834,0.9983764822134388,0.996846837944664,0.0015296442687746,0.997094861660079,0.0011630434782609,0.7648056117263775,0.8852569345797606,0.8520893320157121,0.978131212723658,0.9826043737574552,44,35,24,19,5,0.0119284294234592,0.4363636363636363,0.974738059108317,0.9811876385809312,4.716289028929583,5.479049569459639,0.32146311419989376,0.42041911573950724,0.0015296442687746
qwen3-8b-base,qwen38-27b,rte,same-family,8.0,27.0,166,111,62,0.9157340355497038,0.967083607636603,0.9601711652402896,0.0069124423963133,0.9384463462804477,-0.0227123107307438,0.5229343418490815,0.4035709072104441,0.2542318077332631,0.8018018018018018,0.8558558558558559,22,16,10,9,1,0.09009009009009,0.3571428571428571,0.7743421052631578,0.91317671092952,5.451122518050503,6.308691798630425,0.44396202690595155,0.11930437490826332,0.0069124423963133
qwen3-8b-base,qwen38-27b,truthfulqa,same-family,8.0,27.0,980,654,327,0.9195073366439414,0.9541471443668228,0.902570864779433,0.0515762795873897,0.8512564411899485,0.0682508954539928,0.4556842657920618,0.5019257764965761,0.3922434785434063,0.827217125382263,0.8776758409785933,113,80,35,19,16,0.0535168195718654,0.2215189873417721,0.8424869337979094,0.9233801711023506,3.0095480920854087,3.6976756151147163,0.30701037543905657,0.05876423189156794,0.0682508954539928
