overseer,target,held_out,n_pool_datasets,pos_rate_overseer,pos_rate_target,row2_fit_n,both_true_test_n,row2_test_n,base_rate,direction_auroc,shuffled_auroc,shuffled_sd,margin,router_coverage,n_false,prec_05,recall_05,caught_05,prec_10,recall_10,caught_10,prec_20,recall_20,caught_20
llama-8b,gemma4-12b-base,rte,4,0.7657366071428572,0.7073660714285714,1661,181,54,0.2983425414364641,0.6602508019830854,0.5254082822980461,0.0882191260558598,0.13484251968503924,0.2595419847328244,131,0.7777777777777778,0.12962962962962962,0.31297709923664124,0.5,0.16666666666666666,0.3282442748091603,0.3611111111111111,0.24074074074074073,0.35877862595419846
llama-8b,gemma4-12b-base,truthfulqa,4,0.7809968082494476,0.7275963663147557,1565,1052,475,0.4515209125475285,0.5610362127154975,0.5299215543190733,0.05463708060004466,0.031114658396424244,0.24112607099143207,817,0.41509433962264153,0.04631578947368421,0.26805385556915545,0.5047619047619047,0.11157894736842106,0.30599755201958384,0.4857142857142857,0.21473684210526317,0.3659730722154223
llama-8b,qwen3-32b,boolq,4,0.7490228922389727,0.7290619765494137,1139,2031,364,0.1792220580994584,0.5225399974950065,0.5220146904684997,0.01874605977300407,0.0005253070265067716,0.370250606305578,1237,0.1568627450980392,0.04395604395604396,0.3831851253031528,0.16748768472906403,0.09340659340659341,0.39773645917542444,0.18719211822660098,0.2087912087912088,0.4316895715440582
llama-8b,qwen3-32b,geometry_of_truth,4,0.5792403405370007,0.6421087098886706,395,2782,271,0.09741193386053199,0.9446538551407019,0.6429036960620502,0.19605677535870622,0.30175015907865166,0.2290258449304175,2515,0.9640287769784173,0.4944649446494465,0.2823061630218688,0.7158273381294964,0.7343173431734318,0.3081510934393638,0.4172661870503597,0.8560885608856088,0.321272365805169
llama-8b,qwen3-32b,imdb,4,0.6913157035586027,0.717760365654587,750,3263,805,0.24670548574931045,0.6842815195912446,0.5837324189236313,0.07432750894407247,0.10054910066761336,0.1964,2500,0.5276073619631901,0.10683229813664596,0.2308,0.49693251533742333,0.20124223602484473,0.2612,0.4241960183767228,0.3440993788819876,0.3072
llama-8b,qwen3-32b,rte,4,0.7657366071428572,0.7856026785714286,1590,190,56,0.29473684210526313,0.8404850746268657,0.5323160980810234,0.061641574452889286,0.3081689765458423,0.29770992366412213,131,1.0,0.17857142857142858,0.37404580152671757,0.8947368421052632,0.30357142857142855,0.42748091603053434,0.6842105263157895,0.4642857142857143,0.4961832061068702
llama-8b,qwen3-32b,truthfulqa,4,0.7809968082494476,0.8048121777559538,1499,1120,456,0.40714285714285714,0.6570492496300993,0.47944574350031705,0.041735567274689675,0.1776035061297822,0.2607099143206854,817,0.625,0.07675438596491228,0.30354957160342716,0.6160714285714286,0.1513157894736842,0.34516523867809057,0.5892857142857143,0.2894736842105263,0.4222766217870257
llama-8b,qwen3-8b-base,boolq,4,0.7490228922389727,0.7709380234505863,1241,2096,467,0.22280534351145037,0.5344958810005482,0.4958313780080789,0.0168837311224673,0.03866450299246932,0.370250606305578,1237,0.21904761904761905,0.04925053533190578,0.38884397736459175,0.23809523809523808,0.10706638115631692,0.4106709781729992,0.26252983293556087,0.23554603854389722,0.45917542441390463
llama-8b,qwen3-8b-base,geometry_of_truth,4,0.5792403405370007,0.7213490504256712,373,2897,385,0.13289609941318606,0.9523089171974523,0.4211320725452891,0.21367079454032517,0.5311768446521632,0.29582504970178924,2515,0.9793103448275862,0.36883116883116884,0.35228628230616305,0.9310344827586207,0.7012987012987013,0.4031809145129225,0.5958549222797928,0.8961038961038961,0.4330019880715706
llama-8b,qwen3-8b-base,imdb,4,0.6913157035586027,0.7592229840026118,846,3308,846,0.25574365175332525,0.6391587112286422,0.4563645184583446,0.04006574468608172,0.18279419277029763,0.24,2500,0.44242424242424244,0.08628841607565012,0.2692,0.39274924471299094,0.1536643026004728,0.292,0.3716012084592145,0.2907801418439716,0.3384
llama-8b,qwen3-8b-base,rte,4,0.7657366071428572,0.8262276785714285,1721,201,64,0.31840796019900497,0.6916058394160585,0.5536325273722628,0.043536484625802785,0.1379733120437957,0.24427480916030533,131,0.8,0.125,0.3053435114503817,0.6,0.1875,0.33587786259541985,0.5,0.3125,0.3969465648854962
llama-8b,qwen3-8b-base,truthfulqa,4,0.7809968082494476,0.8246992388902529,1598,1147,492,0.42894507410636445,0.5070098678086018,0.48992971513684597,0.04160904400142675,0.017080152671755833,0.2460220318237454,817,0.45614035087719296,0.052845528455284556,0.2778457772337821,0.41739130434782606,0.0975609756097561,0.3047735618115055,0.388646288209607,0.18089430894308944,0.35495716034271724
olmo3-7b,gemma4-12b,boolq,4,0.7938302624232273,0.6072026800670016,1156,1531,493,0.32201175702155455,0.541384781937491,0.5056699378974233,0.019802683507193428,0.03571484404006764,0.4785772029102668,1237,0.2987012987012987,0.04665314401622718,0.4971705739692805,0.35294117647058826,0.10953346855983773,0.5222312045270816,0.3627450980392157,0.22515212981744423,0.5683104284559418
olmo3-7b,gemma4-12b,geometry_of_truth,4,0.7038310412573674,0.7917485265225933,1027,2853,845,0.2961794602173151,0.7854840991065324,0.43775180343713904,0.093299712291693,0.34773229566939334,0.5208747514910537,2515,1.0,0.16923076923076924,0.5777335984095427,0.9929824561403509,0.3349112426035503,0.6333996023856859,0.8318739054290718,0.5621301775147929,0.709741550695825
olmo3-7b,gemma4-12b,imdb,4,0.7409402546523016,0.5009794319294809,793,2042,816,0.39960822722820766,0.5844008892300803,0.49668562877842815,0.06567301332612459,0.08771526045165212,0.3744,2500,0.4803921568627451,0.06004901960784314,0.394,0.4852941176470588,0.1213235294117647,0.414,0.4877450980392157,0.24387254901960784,0.454
olmo3-7b,gemma4-12b,rte,4,0.8010044642857143,0.5954241071428571,1602,146,62,0.4246575342465753,0.7730414746543779,0.5422427035330262,0.07405739985538295,0.23079877112135172,0.3053435114503817,131,0.8571428571428571,0.0967741935483871,0.3511450381679389,0.8,0.1935483870967742,0.3969465648854962,0.8275862068965517,0.3870967741935484,0.48854961832061067
olmo3-7b,gemma4-12b,truthfulqa,4,0.8083722072182666,0.6350356002946231,1538,895,442,0.49385474860335193,0.4606344830341714,0.5330538990940238,0.02231487466117887,-0.07241941605985236,0.3818849449204406,817,0.17777777777777778,0.01809954751131222,0.39167686658506734,0.2777777777777778,0.05656108597285068,0.412484700122399,0.3687150837988827,0.1493212669683258,0.46266829865361075
olmo3-7b,gemma4-31b,boolq,3,0.686359269932757,0.36743515850144093,430,733,165,0.22510231923601637,0.49624413145539903,0.4775874946649594,0.012217989500935417,0.018656636790439607,0.5925626515763945,1237,0.24324324324324326,0.05454545454545454,0.5998383185125303,0.3013698630136986,0.13333333333333333,0.6103476151980598,0.25170068027210885,0.22424242424242424,0.6224737267582862
olmo3-7b,gemma4-31b,geometry_of_truth,3,0.6615186615186616,0.6576576576576577,503,2599,1166,0.44863409003462873,0.9302815645427135,0.5782358137458271,0.19623859951155556,0.3520457507968864,0.3558648111332008,2515,1.0,0.11149228130360206,0.40755467196819084,1.0,0.22298456260720412,0.4592445328031809,1.0,0.44596912521440824,0.562624254473161
olmo3-7b,gemma4-31b,rte,3,0.7402684563758389,0.4444630872483222,710,112,48,0.42857142857142855,0.7477213541666666,0.49064127604166663,0.05409788753485082,0.257080078125,0.2595419847328244,131,1.0,0.125,0.3053435114503817,0.8181818181818182,0.1875,0.3282442748091603,0.7727272727272727,0.3541666666666667,0.3893129770992366
olmo3-7b,gemma4-31b,truthfulqa,3,0.731441896618733,0.4325689856198989,566,583,281,0.48198970840480276,0.46093657938771176,0.4702752704390658,0.055083115074357786,-0.009338691051354042,0.4834761321909425,817,0.1724137931034483,0.017793594306049824,0.48959608323133413,0.29310344827586204,0.060498220640569395,0.5042839657282742,0.41025641025641024,0.1708185053380783,0.5422276621787026
olmo3-7b,qwen3-32b,boolq,4,0.7938302624232273,0.7290619765494137,1153,1991,397,0.19939728779507784,0.5235786592669615,0.4885444946256269,0.02151105216280871,0.035034164641334575,0.47776879547291834,1237,0.23,0.05793450881612091,0.4963621665319321,0.25125628140703515,0.12594458438287154,0.5181891673403395,0.21105527638190955,0.21158690176322417,0.5456750202101859
olmo3-7b,qwen3-32b,geometry_of_truth,4,0.7038310412573674,0.6421087098886706,548,2947,437,0.14828639294197488,0.8518703219159974,0.2351990208502375,0.08171612804892868,0.61667130106576,0.3463220675944334,2515,0.9727891156462585,0.32723112128146453,0.4031809145129225,0.8406779661016949,0.5675057208237986,0.4449304174950298,0.5280135823429541,0.7116704805491991,0.46998011928429423
olmo3-7b,qwen3-32b,imdb,4,0.7409402546523016,0.717760365654587,761,3341,942,0.28195151152349596,0.6902889473586393,0.5260376979438531,0.057553541006409185,0.1642512494147862,0.212,2500,0.6467065868263473,0.11464968152866242,0.2552,0.5598802395209581,0.19851380042462846,0.2868,0.49251497005988026,0.3492569002123142,0.3436
olmo3-7b,qwen3-32b,rte,4,0.8010044642857143,0.7856026785714286,1607,199,63,0.3165829145728643,0.8220121381886087,0.46708683473389356,0.03927183175121116,0.3549253034547152,0.2595419847328244,131,0.8,0.12698412698412698,0.32061068702290074,0.75,0.23809523809523808,0.37404580152671757,0.725,0.4603174603174603,0.48091603053435117
olmo3-7b,qwen3-32b,truthfulqa,4,0.8083722072182666,0.8048121777559538,1495,1121,492,0.43889384478144516,0.7021210593663966,0.5037314035699976,0.06092361211139867,0.198389655796399,0.29865361077111385,817,0.8571428571428571,0.0975609756097561,0.3574051407588739,0.8303571428571429,0.18902439024390244,0.412484700122399,0.7276785714285714,0.3313008130081301,0.4981640146878825
olmo3-7b,qwen3-8b-base,boolq,4,0.7938302624232273,0.7709380234505863,1296,2155,573,0.26589327146171693,0.5408919718561567,0.47778316488064904,0.004606667010244227,0.06310880697550764,0.3597413096200485,1237,0.2962962962962963,0.055846422338568937,0.3856103476151981,0.2962962962962963,0.11169284467713787,0.41147938561034764,0.3109048723897912,0.2338568935427574,0.46806790622473726
olmo3-7b,qwen3-8b-base,geometry_of_truth,4,0.7038310412573674,0.7213490504256712,877,3236,724,0.22373300370828184,0.8591748557201676,0.5059056308723652,0.21319019233016365,0.35326922484780243,0.2755467196819085,2515,0.9938271604938271,0.2223756906077348,0.33956262425447314,0.9876543209876543,0.4419889502762431,0.40278330019880715,0.8191653786707882,0.7320441988950276,0.48628230616302187
olmo3-7b,qwen3-8b-base,imdb,4,0.7409402546523016,0.7592229840026118,877,3409,1011,0.2965679084775594,0.587472745586703,0.515314340420512,0.07985275188207169,0.07215840516619099,0.2332,2500,0.4176470588235294,0.0702274975272008,0.2616,0.39882697947214074,0.13452027695351138,0.2876,0.3914956011730205,0.26409495548961426,0.34
olmo3-7b,qwen3-8b-base,rte,4,0.8010044642857143,0.8262276785714285,1778,207,70,0.33816425120772947,0.6759124087591242,0.5231491136600626,0.042276974438749365,0.1527632950990616,0.22137404580152673,131,0.8,0.11428571428571428,0.2824427480916031,0.6666666666666666,0.2,0.3282442748091603,0.6097560975609756,0.35714285714285715,0.4122137404580153
olmo3-7b,qwen3-8b-base,truthfulqa,4,0.8083722072182666,0.8246992388902529,1588,1160,552,0.47586206896551725,0.542110626430206,0.47232625977307396,0.04862885707754163,0.06978436665713206,0.2252141982864137,817,0.6379310344827587,0.06702898550724638,0.27050183598531213,0.5775862068965517,0.1213768115942029,0.3072215422276622,0.521551724137931,0.21920289855072464,0.3733170134638923
qwen3-1.7b,gemma4-12b,boolq,4,0.6475432719151312,0.6072026800670016,1176,1286,347,0.2698289269051322,0.5261990037841471,0.49310920011171366,0.02974784522525277,0.033089803672433415,0.4963621665319321,1237,0.234375,0.043227665706051875,0.5084882780921585,0.21705426356589147,0.08069164265129683,0.5189975747776879,0.2490272373540856,0.1844380403458213,0.5481002425222312
qwen3-1.7b,gemma4-12b,geometry_of_truth,4,0.785199738048461,0.7917485265225933,1400,3205,1211,0.3778471138845554,0.9132152858244428,0.5305803869080403,0.12036769628505015,0.38263489891640245,0.4003976143141153,2515,1.0,0.13212221304706853,0.4640159045725646,0.96875,0.25598678777869527,0.5236580516898608,0.9141965678627145,0.4838976052848885,0.6333996023856859
qwen3-1.7b,gemma4-12b,imdb,4,0.5128958537381652,0.5009794319294809,788,1590,608,0.38238993710691827,0.6444286633079644,0.46895768571122304,0.02570395502890676,0.1754709775967414,0.3884,2500,0.5375,0.07072368421052631,0.4056,0.610062893081761,0.15953947368421054,0.4272,0.550314465408805,0.2878289473684211,0.4584
qwen3-1.7b,gemma4-12b,rte,4,0.6172991071428572,0.5954241071428571,1586,142,61,0.4295774647887324,0.6302367941712204,0.4886662618903056,0.06498291790292612,0.14157053228091476,0.17557251908396945,131,0.5714285714285714,0.06557377049180328,0.20610687022900764,0.5714285714285714,0.13114754098360656,0.2366412213740458,0.6071428571428571,0.2786885245901639,0.3053435114503817
qwen3-1.7b,gemma4-12b,truthfulqa,4,0.6329486864718881,0.6350356002946231,1559,763,362,0.4744429882044561,0.4272123558507048,0.503010429726788,0.04845112706867007,-0.07579807387608323,0.3292533659730722,817,0.15789473684210525,0.016574585635359115,0.33659730722154224,0.23684210526315788,0.049723756906077346,0.35128518971848227,0.3006535947712418,0.1270718232044199,0.38555691554467564
qwen3-1.7b,gemma4-31b,boolq,3,0.600864553314121,0.36743515850144093,440,741,151,0.203778677462888,0.5360534291166237,0.4943203502076552,0.0312360621972157,0.04173307890896849,0.4664510913500404,1237,0.35135135135135137,0.08609271523178808,0.47696038803556995,0.2972972972972973,0.1456953642384106,0.48423605497170574,0.23648648648648649,0.23178807947019867,0.49474535165723527
qwen3-1.7b,gemma4-31b,geometry_of_truth,3,0.6470398970398971,0.6576576576576577,494,2440,1021,0.4184426229508197,0.8503450099013045,0.2727869773515857,0.10462314795916745,0.5775580325497187,0.341948310139165,2515,1.0,0.11949069539666993,0.3904572564612326,1.0,0.23898139079333985,0.4389662027833002,0.9979508196721312,0.47698334965719885,0.5355864811133201
qwen3-1.7b,gemma4-31b,rte,3,0.5011744966442953,0.4444630872483222,708,112,51,0.45535714285714285,0.7405978784956605,0.501205400192864,0.04324556004731425,0.23939247830279653,0.0916030534351145,131,0.6666666666666666,0.0784313725490196,0.12213740458015267,0.7272727272727273,0.1568627450980392,0.15267175572519084,0.7272727272727273,0.3137254901960784,0.21374045801526717
qwen3-1.7b,gemma4-31b,truthfulqa,3,0.43509521958802955,0.4325689856198989,568,525,250,0.47619047619047616,0.4711854545454545,0.500669090909091,0.03869981032263939,-0.029483636363636434,0.204406364749082,817,0.4230769230769231,0.044,0.2178702570379437,0.38461538461538464,0.08,0.22888616891064872,0.38095238095238093,0.16,0.2533659730722154
qwen3-1.7b,olmo3-7b,boolq,4,0.6475432719151312,0.7938302624232273,1317,1799,415,0.23068371317398556,0.5236419667107738,0.5112425134062261,0.012945192006150899,0.012399453304547725,0.47049312853678255,1237,0.24444444444444444,0.05301204819277108,0.48827809215844786,0.2111111111111111,0.09156626506024096,0.5012126111560227,0.21944444444444444,0.19036144578313252,0.534357316087308
qwen3-1.7b,olmo3-7b,geometry_of_truth,4,0.785199738048461,0.7038310412573674,1025,3315,826,0.24917043740573153,0.699485970716674,0.5048154981190847,0.10747977586327548,0.1946704725975893,0.3312127236580517,2515,0.9759036144578314,0.19612590799031476,0.3956262425447316,0.9006024096385542,0.3619854721549637,0.45009940357852884,0.5927601809954751,0.47578692493946734,0.48747514910536777
qwen3-1.7b,olmo3-7b,imdb,4,0.5128958537381652,0.7409402546523016,836,2337,695,0.2973898160034232,0.619905537202394,0.5610875489620484,0.07565575724911916,0.058817988240345676,0.33,2500,0.5128205128205128,0.08633093525179857,0.354,0.47435897435897434,0.15971223021582734,0.3744,0.4346895074946467,0.2920863309352518,0.4112
qwen3-1.7b,olmo3-7b,rte,4,0.6172991071428572,0.8010044642857143,1656,164,58,0.35365853658536583,0.7794404684450228,0.5000406636304489,0.11478917937970207,0.27939980481457394,0.25190839694656486,131,0.75,0.10344827586206896,0.29770992366412213,0.75,0.20689655172413793,0.3435114503816794,0.696969696969697,0.39655172413793105,0.42748091603053434
qwen3-1.7b,olmo3-7b,truthfulqa,4,0.6329486864718881,0.8083722072182666,1535,876,430,0.4908675799086758,0.4678068620294087,0.48830561059547395,0.06358891966177439,-0.02049874856606526,0.3733170134638923,817,0.38636363636363635,0.03953488372093023,0.39412484700122397,0.4318181818181818,0.08837209302325581,0.41982864137086906,0.44571428571428573,0.1813953488372093,0.46878824969400246
qwen3-1.7b,qwen3-8b,boolq,4,0.6475432719151312,0.3330541596873255,88,878,76,0.08656036446469248,0.5242814017587609,0.48719074025462655,0.04510668381472921,0.03709066150413437,0.4333063864187551,1237,0.09090909090909091,0.05263157894736842,0.43654001616814875,0.11363636363636363,0.13157894736842105,0.4413904607922393,0.07386363636363637,0.17105263157894737,0.44381568310428454
qwen3-1.7b,qwen3-8b,geometry_of_truth,4,0.785199738048461,0.6365422396856582,572,2976,499,0.1676747311827957,0.9326857186314494,0.6273801134768527,0.18774339200706053,0.3053056051545967,0.46520874751491054,2515,0.7718120805369127,0.23046092184368738,0.510934393638171,0.825503355704698,0.49298597194388777,0.5630218687872763,0.680672268907563,0.811623246492986,0.6262425447316103
qwen3-1.7b,qwen3-8b,imdb,4,0.5128958537381652,0.6849493960169768,662,2187,546,0.2496570644718793,0.8287104932443141,0.5161054413796644,0.10955382300493814,0.3126050518646497,0.3104,2500,0.8348623853211009,0.16666666666666666,0.3468,0.7808219178082192,0.3131868131868132,0.3788,0.6796338672768879,0.5439560439560439,0.4292
qwen3-1.7b,qwen3-8b,rte,4,0.6172991071428572,0.6415178571428571,796,134,32,0.23880597014925373,0.6228553921568627,0.4870557598039216,0.04508070616714354,0.13579963235294112,0.33587786259541985,131,0.42857142857142855,0.09375,0.35877862595419846,0.23076923076923078,0.09375,0.35877862595419846,0.25925925925925924,0.21875,0.3893129770992366
qwen3-1.7b,qwen3-8b,truthfulqa,4,0.6329486864718881,0.663147557083231,762,762,280,0.3674540682414698,0.4851066982809721,0.5281935388263189,0.09509743788743315,-0.04308684054534684,0.38310893512851896,817,0.4473684210526316,0.060714285714285714,0.4039167686658507,0.4605263157894737,0.125,0.4259485924112607,0.3684210526315789,0.2,0.45165238678090575
qwen3-1.7b,qwen38-27b,boolq,3,0.600864553314121,0.5835734870317003,302,1365,151,0.11062271062271062,0.544912008902757,0.5258845478250433,0.015626255914302854,0.019027461077713692,0.41147938561034764,1237,0.11764705882352941,0.052980132450331126,0.417946645109135,0.08088235294117647,0.0728476821192053,0.42037186742118027,0.09523809523809523,0.17218543046357615,0.43249797898140663
qwen3-1.7b,qwen38-27b,geometry_of_truth,3,0.6470398970398971,0.6753539253539254,494,2821,782,0.2772066643034385,0.9504433370251955,0.6845290806260026,0.02517634155613051,0.26591425639919286,0.2147117296222664,2515,1.0,0.18030690537084398,0.27077534791252483,1.0,0.36061381074168797,0.3268389662027833,0.9964539007092199,0.7186700767263428,0.43817097415506956
qwen3-1.7b,qwen38-27b,rte,3,0.5011744966442953,0.6956375838926174,674,125,42,0.336,0.6855995410212277,0.5450372920252439,0.057733017212943445,0.1405622489959838,0.183206106870229,131,0.5,0.07142857142857142,0.20610687022900764,0.4166666666666667,0.11904761904761904,0.22137404580152673,0.48,0.2857142857142857,0.2748091603053435
qwen3-1.7b,qwen38-27b,truthfulqa,3,0.43509521958802955,0.7098717450446949,555,616,270,0.4383116883116883,0.6198244487261828,0.5116623849282809,0.03999297330943055,0.10816206379790194,0.34516523867809057,817,0.6451612903225806,0.07407407407407407,0.36964504283965727,0.5967741935483871,0.13703703703703704,0.390452876376989,0.6016260162601627,0.2740740740740741,0.4357405140758874
qwen3-8b,gemma4-12b-base,boolq,4,0.3330541596873255,0.32858738135120047,72,698,66,0.09455587392550144,0.5758534714230917,0.5187296221710778,0.07850563276621897,0.05712384925201397,0.18108326596604687,1237,0.08571428571428572,0.045454545454545456,0.18350848827809216,0.12857142857142856,0.13636363636363635,0.1883589329021827,0.1357142857142857,0.2878787878787879,0.19644300727566694
qwen3-8b,gemma4-12b-base,geometry_of_truth,4,0.6365422396856582,0.8040275049115914,564,2855,364,0.12749562171628723,0.8715706212695373,0.3183463214826121,0.11295759772274121,0.5532242997869252,0.6015904572564612,2515,0.7132867132867133,0.2802197802197802,0.6421471172962226,0.6503496503496503,0.510989010989011,0.6755467196819086,0.44658493870402804,0.7005494505494505,0.7029821073558649
qwen3-8b,gemma4-12b-base,imdb,4,0.6849493960169768,0.5584394384590271,675,2344,604,0.257679180887372,0.7172756337063256,0.5284896665905457,0.06759879444400387,0.18878596711577988,0.3128,2500,0.5384615384615384,0.10430463576158941,0.338,0.5726495726495726,0.22185430463576158,0.3664,0.5053304904051172,0.3923841059602649,0.4076
qwen3-8b,gemma4-12b-base,rte,4,0.6415178571428571,0.7073660714285714,818,155,35,0.22580645161290322,0.6780952380952381,0.5223809523809524,0.049951507096628114,0.1557142857142857,0.3053435114503817,131,0.25,0.05714285714285714,0.32061068702290074,0.3125,0.14285714285714285,0.3435114503816794,0.3548387096774194,0.3142857142857143,0.3893129770992366
qwen3-8b,gemma4-12b-base,truthfulqa,4,0.663147557083231,0.7275963663147557,773,872,327,0.375,0.6049490783604073,0.5169682686642538,0.02861569836930358,0.08798080969615352,0.37209302325581395,817,0.6590909090909091,0.08868501529051988,0.40758873929008566,0.5747126436781609,0.1529051987767584,0.43329253365973075,0.5114942528735632,0.27217125382262997,0.4810281517747858
qwen3-8b,llama-8b,boolq,4,0.3330541596873255,0.7490228922389727,100,1016,94,0.09251968503937008,0.5480800295380072,0.4754724927308811,0.02462042492084511,0.07260753680712606,0.46160064672594986,1237,0.13725490196078433,0.07446808510638298,0.46725949878738887,0.10784313725490197,0.11702127659574468,0.47049312853678255,0.10344827586206896,0.22340425531914893,0.4785772029102668
qwen3-8b,llama-8b,geometry_of_truth,4,0.6365422396856582,0.5792403405370007,384,2689,198,0.07363332093715136,0.947313358393246,0.3449686548341707,0.195831840539239,0.6023447035590753,0.28469184890656063,2515,0.7985074626865671,0.5404040404040404,0.32723658051689863,0.5464684014869888,0.7424242424242424,0.34314115308151094,0.31784386617100374,0.8636363636363636,0.3526838966202783
qwen3-8b,llama-8b,imdb,4,0.6849493960169768,0.6913157035586027,685,3217,762,0.23686664594342555,0.7229410223925675,0.5674747823019068,0.03770452378783737,0.15546624009066068,0.1648,2500,0.6273291925465838,0.1325459317585302,0.2052,0.546583850931677,0.23097112860892388,0.2352,0.463452566096423,0.3910761154855643,0.284
